"nombre_usuario";"anotacion";"xmin";"xmax";"ymin";"ymax";"imagen"
"anagalan";"Ascaris lumbricoides";1183;1495;887;1178;"00000047.xml"
"anagalan";"Ascaris lumbricoides";1523;1856;969;1266;"00000051.xml"
"anagalan";"Ascaris lumbricoides";2943;3075;663;790;"00000067.xml"
"anagalan";"Ascaris lumbricoides";1187;1342;1847;1985;"00000074.xml"
"anagalan";"Amebae";1287;1559;1909;2178;"00000086.xml"
"anagalan";"Amebae";1900;2152;1619;1881;"00000196.xml"
"anagalan";"Amebae";1622;1868;1113;1378;"00000204.xml"
"anagalan";"Trichuris trichiura";975;1140;1955;2133;"00000230.xml"
"anagalan";"Trichuris trichiura";1636;1825;1295;1404;"00000235.xml"
"anagalan";"Giardia Duodenalis";1280;1428;1359;1538;"00000289.xml"
"anagalan";"Ascaris lumbricoides";905;1256;1767;2052;"00000321.xml"
"anagalan";"Amebae";1596;1921;1190;1569;"00000537.xml"
"anagalan";"Ascaris lumbricoides";1715;2139;1252;1780;"00000608.xml"
"anagalan";"Ascaris lumbricoides";1606;1861;1170;1436;"00000608.xml"
"anagalan";"Hymenolepsis Nana";1034;1197;536;674;"00000640.xml"
"anagalan";"Amebae";1586;1835;1039;1283;"00000979.xml"
"anagalan";"Amebae";1872;2149;1840;2100;"00000984.xml"
"anagalan";"Trichuris trichiura";1138;1459;958;1557;"00001871.xml"
"anagalan";"Trichuris trichiura";1247;1742;1061;1496;"00002156.xml"
"anagalan";"Hymenolepsis Nana";1034;1496;1296;1742;"00002690.xml"
"anagalan";"Amebae";1132;1360;277;483;"00002699.xml"
"anagalan";"Amebae";1568;1872;947;1246;"00002699.xml"
"anagalan";"Hymenolepsis Nana";1298;1793;1263;1767;"00002990.xml"
"anagalan";"Ascaris lumbricoides";1317;1627;1154;1464;"00003051.xml"
"anagalan";"Hymenolepsis Nana";1684;2099;1149;1555;"00003170.xml"
"anagalan";"Amebae";1516;1806;1476;1741;"00003194.xml"
"anagalan";"Amebae";1545;1810;1607;1848;"00003194.xml"
"anagalan";"Hymenolepsis Nana";1573;1992;1100;1493;"00003361.xml"
"anagalan";"Hymenolepsis Nana";1633;2019;1475;1877;"00003381.xml"
"anagalan";"Hymenolepsis Nana";1557;2014;1061;1523;"00003519.xml"
"anagalan";"Hymenolepsis Nana";1592;2008;1050;1507;"00003929.xml"
"anagalan";"Giardia Duodenalis";1392;1542;1366;1500;"15.xml"
"anagalan";"Giardia Duodenalis";2856;3027;733;847;"39.xml"
"anagalan";"Ascaris lumbricoides";2864;3130;1644;1959;"PTC0069.xml"
"anagalan";"Ascaris lumbricoides";2662;2939;1524;1861;"PTC0069.xml"
"anagalan";"Ascaris lumbricoides";1766;1921;1819;1993;"PTC0069.xml"
"anagalan";"Giardia Duodenalis";2832;2958;1551;1695;"PTC0100.xml"
"anagalan";"Giardia Duodenalis";1641;1835;1284;1413;"PTDC0008.xml"
"anagalan";"Giardia Duodenalis";1286;1430;1367;1540;"PTDC0072.xml"
"analosada";"Amebae";1201;1466;893;1158;"00000047.xml"
"analosada";"Amebae";1525;1834;979;1268;"00000051.xml"
"analosada";"Amebae";1141;1269;1865;1993;"00000067.xml"
"analosada";"Amebae";2952;3062;660;811;"00000067.xml"
"analosada";"Amebae";1027;1143;1742;1862;"00000074.xml"
"analosada";"Amebae";1204;1332;1858;1978;"00000074.xml"
"analosada";"Ascaris lumbricoides";1316;1556;1910;2166;"00000086.xml"
"analosada";"Amebae";1878;2150;1629;1881;"00000196.xml"
"analosada";"Amebae";1621;1873;1108;1385;"00000204.xml"
"analosada";"Giardia Duodenalis";971;1131;1948;2168;"00000230.xml"
"analosada";"Giardia Duodenalis";1633;1828;1287;1409;"00000235.xml"
"analosada";"Giardia Duodenalis";1279;1425;1379;1530;"00000289.xml"
"analosada";"Ascaris lumbricoides";926;1251;1778;2053;"00000321.xml"
"analosada";"Ascaris lumbricoides";1604;1924;1201;1553;"00000537.xml"
"analosada";"Ascaris lumbricoides";1738;2127;1264;1753;"00000608.xml"
"analosada";"Hymenolepsis Nana";1033;1184;546;665;"00000640.xml"
"analosada";"Amebae";1585;1829;1027;1287;"00000979.xml"
"analosada";"Amebae";1902;2126;1842;2094;"00000984.xml"
"analosada";"Trichuris trichiura";1168;1400;1007;1508;"00001871.xml"
"analosada";"Trichuris trichiura";1279;1723;1127;1493;"00002156.xml"
"analosada";"Hymenolepsis Nana";1051;1448;1340;1717;"00002690.xml"
"analosada";"Hymenolepsis Nana";1517;1838;963;1219;"00002699.xml"
"analosada";"Hymenolepsis Nana";1338;1768;1315;1727;"00002990.xml"
"analosada";"Hymenolepsis Nana";1334;1645;1168;1461;"00003051.xml"
"analosada";"Hymenolepsis Nana";1737;2067;1123;1549;"00003170.xml"
"analosada";"Ascaris lumbricoides";1445;1894;1509;1842;"00003194.xml"
"analosada";"Hymenolepsis Nana";1618;1970;1109;1498;"00003361.xml"
"analosada";"Ascaris lumbricoides";1609;2012;1489;1851;"00003381.xml"
"analosada";"Hymenolepsis Nana";1609;1970;1083;1492;"00003519.xml"
"analosada";"Hymenolepsis Nana";1605;1982;1063;1508;"00003929.xml"
"analosada";"Giardia Duodenalis";1360;1540;1364;1500;"15.xml"
"analosada";"Giardia Duodenalis";1521;1699;839;954;"39.xml"
"analosada";"Giardia Duodenalis";1766;1922;1826;2006;"PTC0069.xml"
"analosada";"Giardia Duodenalis";1316;1481;940;1064;"PTC0100.xml"
"analosada";"Giardia Duodenalis";1621;1829;1292;1407;"PTDC0008.xml"
"analosada";"Giardia Duodenalis";1284;1428;1372;1528;"PTDC0072.xml"
"asunliebana";"Giardia Duodenalis";1213;1490;891;1166;"00000047.xml"
"asunliebana";"Amebae";1521;1852;973;1266;"00000051.xml"
"asunliebana";"Amebae";2929;3092;646;809;"00000067.xml"
"asunliebana";"Giardia Duodenalis";1196;1333;1837;1988;"00000074.xml"
"asunliebana";"Giardia Duodenalis";935;1061;1480;1628;"00000074.xml"
"asunliebana";"Amebae";1302;1555;1923;2171;"00000086.xml"
"asunliebana";"Amebae";1888;2149;1624;1883;"00000196.xml"
"asunliebana";"Amebae";1623;1861;1115;1376;"00000204.xml"
"asunliebana";"Amebae";788;898;567;688;"00000230.xml"
"asunliebana";"Giardia Duodenalis";1637;1809;1278;1414;"00000235.xml"
"asunliebana";"Giardia Duodenalis";1290;1423;1367;1545;"00000289.xml"
"asunliebana";"Giardia Duodenalis";913;1249;1773;2054;"00000321.xml"
"asunliebana";"Ascaris lumbricoides";1598;1933;1183;1564;"00000537.xml"
"asunliebana";"Ascaris lumbricoides";1725;2153;1230;1766;"00000608.xml"
"asunliebana";"Ascaris lumbricoides";1621;1851;1176;1411;"00000608.xml"
"asunliebana";"Amebae";770;827;385;439;"00000640.xml"
"asunliebana";"Amebae";1584;1828;1033;1278;"00000979.xml"
"asunliebana";"Amebae";1875;2132;1845;2095;"00000984.xml"
"asunliebana";"Trichuris trichiura";1164;1426;993;1583;"00001871.xml"
"asunliebana";"Trichuris trichiura";1237;1725;1073;1485;"00002156.xml"
"asunliebana";"Hymenolepsis Nana";1057;1445;1335;1719;"00002690.xml"
"asunliebana";"Amebae";1138;1355;272;473;"00002699.xml"
"asunliebana";"Amebae";1404;1698;1323;1638;"00002990.xml"
"asunliebana";"Amebae";664;963;1731;2025;"00002990.xml"
"asunliebana";"Ascaris lumbricoides";1344;1609;1194;1455;"00003051.xml"
"asunliebana";"Hymenolepsis Nana";1684;2096;1145;1582;"00003170.xml"
"asunliebana";"Trichuris trichiura";952;1224;321;484;"00003194.xml"
"asunliebana";"Trichuris trichiura";2597;3038;343;571;"00003194.xml"
"asunliebana";"Ascaris lumbricoides";1573;1987;1064;1517;"00003361.xml"
"asunliebana";"Giardia Duodenalis";2450;2618;424;565;"00003381.xml"
"asunliebana";"Giardia Duodenalis";2417;2574;539;680;"00003381.xml"
"asunliebana";"Hymenolepsis Nana";1568;2019;1018;1524;"00003519.xml"
"asunliebana";"Hymenolepsis Nana";1557;2008;1012;1529;"00003929.xml"
"asunliebana";"Giardia Duodenalis";1385;1533;1359;1497;"15.xml"
"asunliebana";"Giardia Duodenalis";2864;3016;739;843;"39.xml"
"asunliebana";"Giardia Duodenalis";1778;1909;1814;1990;"PTC0069.xml"
"asunliebana";"Giardia Duodenalis";1322;1485;928;1076;"PTC0100.xml"
"asunliebana";"Giardia Duodenalis";1612;1838;1271;1434;"PTDC0008.xml"
"asunliebana";"Giardia Duodenalis";1268;1442;1355;1540;"PTDC0072.xml"
"avelinaliebana";"Amebae";1214;1485;899;1166;"00000047.xml"
"avelinaliebana";"Ascaris lumbricoides";1525;1856;976;1264;"00000051.xml"
"avelinaliebana";"Amebae";2947;3081;664;788;"00000067.xml"
"avelinaliebana";"Amebae";1135;1273;1846;2009;"00000067.xml"
"avelinaliebana";"Giardia Duodenalis";1025;1163;1735;1859;"00000074.xml"
"avelinaliebana";"Giardia Duodenalis";936;1066;1482;1616;"00000074.xml"
"avelinaliebana";"Giardia Duodenalis";1192;1355;1840;2003;"00000074.xml"
"avelinaliebana";"Giardia Duodenalis";2566;2710;96;223;"00000086.xml"
"avelinaliebana";"Amebae";1891;2145;1618;1883;"00000196.xml"
"avelinaliebana";"Giardia Duodenalis";1622;1864;1117;1373;"00000204.xml"
"avelinaliebana";"Trichuris trichiura";983;1135;1955;2135;"00000230.xml"
"avelinaliebana";"Giardia Duodenalis";528;1186;419;914;"00000235.xml"
"avelinaliebana";"Giardia Duodenalis";1290;1435;1362;1547;"00000289.xml"
"avelinaliebana";"Ascaris lumbricoides";910;1268;1765;2045;"00000321.xml"
"avelinaliebana";"Ascaris lumbricoides";1603;1928;1185;1564;"00000537.xml"
"avelinaliebana";"Ascaris lumbricoides";1600;1910;1170;1409;"00000608.xml"
"avelinaliebana";"Ascaris lumbricoides";1737;2178;1252;1785;"00000608.xml"
"avelinaliebana";"Ascaris lumbricoides";1021;1198;532;681;"00000640.xml"
"avelinaliebana";"Amebae";1580;1829;1030;1278;"00000979.xml"
"avelinaliebana";"Amebae";1889;2130;1843;2100;"00000984.xml"
"avelinaliebana";"Trichuris trichiura";1168;1440;983;1614;"00001871.xml"
"avelinaliebana";"Trichuris trichiura";1170;1727;1007;1489;"00002156.xml"
"avelinaliebana";"Ascaris lumbricoides";1029;1470;1290;1741;"00002690.xml"
"avelinaliebana";"Amebae";1127;1355;250;495;"00002699.xml"
"avelinaliebana";"Hymenolepsis Nana";1394;1791;1268;1692;"00002990.xml"
"avelinaliebana";"Ascaris lumbricoides";1339;1622;1187;1465;"00003051.xml"
"avelinaliebana";"Ascaris lumbricoides";1771;2029;1215;1463;"00003170.xml"
"avelinaliebana";"Trichuris trichiura";952;1256;315;483;"00003194.xml"
"avelinaliebana";"Amebae";1067;1230;947;1110;"00003361.xml"
"avelinaliebana";"Amebae";2123;2302;925;1066;"00003361.xml"
"avelinaliebana";"Ascaris lumbricoides";1720;2003;1530;1813;"00003381.xml"
"avelinaliebana";"Hymenolepsis Nana";1584;2014;1023;1529;"00003519.xml"
"avelinaliebana";"Hymenolepsis Nana";1571;1992;1020;1526;"00003929.xml"
"avelinaliebana";"Giardia Duodenalis";1387;1541;1363;1490;"15.xml"
"avelinaliebana";"Giardia Duodenalis";1978;2117;194;282;"15.xml"
"avelinaliebana";"Giardia Duodenalis";2872;3011;738;843;"39.xml"
"avelinaliebana";"Giardia Duodenalis";1761;1912;1829;1988;"PTC0069.xml"
"avelinaliebana";"Giardia Duodenalis";1296;1497;909;1083;"PTC0100.xml"
"avelinaliebana";"Giardia Duodenalis";2815;2962;1551;1687;"PTC0100.xml"
"avelinaliebana";"Giardia Duodenalis";949;1092;1559;1657;"PTC0100.xml"
"avelinaliebana";"Amebae";1233;1549;422;754;"PTDC0008.xml"
"avelinaliebana";"Giardia Duodenalis";1288;1421;1360;1547;"PTDC0072.xml"
"blancapueche";"Amebae";1196;1489;907;1159;"00000047.xml"
"blancapueche";"Trichuris trichiura";1529;1850;959;1272;"00000051.xml"
"blancapueche";"Amebae";1140;1264;1842;1990;"00000067.xml"
"blancapueche";"Amebae";2934;3066;654;778;"00000067.xml"
"blancapueche";"Giardia Duodenalis";915;1071;1493;1609;"00000074.xml"
"blancapueche";"Giardia Duodenalis";1204;1332;1858;1986;"00000074.xml"
"blancapueche";"Giardia Duodenalis";1027;1155;1734;1854;"00000074.xml"
"blancapueche";"Giardia Duodenalis";2119;2255;943;1095;"00000086.xml"
"blancapueche";"Giardia Duodenalis";2561;2725;104;224;"00000086.xml"
"blancapueche";"Ascaris lumbricoides";1866;2163;1625;1885;"00000196.xml"
"blancapueche";"Giardia Duodenalis";1625;1857;1132;1360;"00000204.xml"
"blancapueche";"Amebae";758;862;1164;1280;"00000230.xml"
"blancapueche";"Amebae";979;1123;1951;2131;"00000230.xml"
"blancapueche";"Giardia Duodenalis";1621;1845;1264;1396;"00000235.xml"
"blancapueche";"Giardia Duodenalis";1931;2079;806;998;"00000289.xml"
"blancapueche";"Giardia Duodenalis";1272;1420;1364;1536;"00000289.xml"
"blancapueche";"Hymenolepsis Nana";903;1244;1786;2042;"00000321.xml"
"blancapueche";"Ascaris lumbricoides";1589;1910;1188;1553;"00000537.xml"
"blancapueche";"Ascaris lumbricoides";1666;1838;1220;1392;"00000608.xml"
"blancapueche";"Ascaris lumbricoides";1742;2103;1228;1737;"00000608.xml"
"blancapueche";"Hymenolepsis Nana";1031;1190;546;676;"00000640.xml"
"blancapueche";"Amebae";1565;1829;1027;1283;"00000979.xml"
"blancapueche";"Ascaris lumbricoides";1866;2126;1846;2102;"00000984.xml"
"blancapueche";"Ascaris lumbricoides";855;1107;1332;1572;"00000984.xml"
"blancapueche";"Trichuris trichiura";1168;1408;995;1512;"00001871.xml"
"blancapueche";"Trichuris trichiura";1256;1729;1075;1476;"00002156.xml"
"blancapueche";"Hymenolepsis Nana";1059;1444;1336;1717;"00002690.xml"
"blancapueche";"Hymenolepsis Nana";1525;1858;951;1236;"00002699.xml"
"blancapueche";"Hymenolepsis Nana";1348;1777;1288;1749;"00002990.xml"
"blancapueche";"Ascaris lumbricoides";1260;1637;1120;1473;"00003051.xml"
"blancapueche";"Ascaris lumbricoides";1702;2071;1156;1541;"00003170.xml"
"blancapueche";"Hymenolepsis Nana";1445;1902;1493;1846;"00003194.xml"
"blancapueche";"Hymenolepsis Nana";1605;1966;1108;1489;"00003361.xml"
"blancapueche";"Hymenolepsis Nana";1505;1705;983;1147;"00003361.xml"
"blancapueche";"Ascaris lumbricoides";1637;2002;1501;1850;"00003381.xml"
"blancapueche";"Hymenolepsis Nana";1601;1974;1059;1492;"00003519.xml"
"blancapueche";"Hymenolepsis Nana";1609;1974;1055;1508;"00003929.xml"
"blancapueche";"Giardia Duodenalis";1397;1541;1381;1485;"15.xml"
"blancapueche";"Giardia Duodenalis";1537;1697;851;959;"39.xml"
"blancapueche";"Giardia Duodenalis";2870;3010;738;842;"39.xml"
"blancapueche";"Giardia Duodenalis";481;601;1160;1268;"39.xml"
"blancapueche";"Hymenolepsis Nana";2677;2905;1573;1813;"PTC0069.xml"
"blancapueche";"Hymenolepsis Nana";2898;3102;1666;1918;"PTC0069.xml"
"blancapueche";"Giardia Duodenalis";1308;1512;923;1067;"PTC0100.xml"
"blancapueche";"Giardia Duodenalis";2854;2934;1577;1669;"PTC0100.xml"
"blancapueche";"Amebae";1654;1814;1288;1396;"PTDC0008.xml"
"blancapueche";"Amebae";1927;2015;1975;2107;"PTDC0008.xml"
"blancapueche";"Giardia Duodenalis";1296;1416;1372;1532;"PTDC0072.xml"
"blancapueche";"Giardia Duodenalis";1914;2054;1830;2038;"PTDC0072.xml"
"carmenareses";"Hymenolepsis Nana";1184;1509;911;1147;"00000047.xml"
"carmenareses";"Ascaris lumbricoides";1473;1894;947;1256;"00000051.xml"
"carmenareses";"Amebae";2954;3062;666;794;"00000067.xml"
"carmenareses";"Amebae";1132;1268;1830;1998;"00000067.xml"
"carmenareses";"Amebae";1180;1340;1822;1990;"00000074.xml"
"carmenareses";"Amebae";1015;1171;1714;1878;"00000074.xml"
"carmenareses";"Amebae";911;1067;1501;1609;"00000074.xml"
"carmenareses";"Amebae";1288;1565;1922;2182;"00000086.xml"
"carmenareses";"Ascaris lumbricoides";1882;2163;1617;1889;"00000196.xml"
"carmenareses";"Ascaris lumbricoides";1593;1874;1120;1376;"00000204.xml"
"carmenareses";"Giardia Duodenalis";754;902;1164;1280;"00000230.xml"
"carmenareses";"Giardia Duodenalis";983;1103;1959;2147;"00000230.xml"
"carmenareses";"Trichuris trichiura";578;1144;469;898;"00000235.xml"
"carmenareses";"Giardia Duodenalis";1268;1412;1360;1532;"00000289.xml"
"carmenareses";"Giardia Duodenalis";1927;2091;1822;2042;"00000289.xml"
"carmenareses";"Giardia Duodenalis";1934;2080;796;997;"00000289.xml"
"carmenareses";"Ascaris lumbricoides";899;1252;1766;2034;"00000321.xml"
"carmenareses";"Giardia Duodenalis";1609;1930;1176;1557;"00000537.xml"
"carmenareses";"Ascaris lumbricoides";1633;1845;1208;1428;"00000608.xml"
"carmenareses";"Ascaris lumbricoides";1714;2139;1276;1741;"00000608.xml"
"carmenareses";"Hymenolepsis Nana";1029;1184;537;667;"00000640.xml"
"carmenareses";"Hymenolepsis Nana";777;829;390;436;"00000640.xml"
"carmenareses";"Ascaris lumbricoides";1533;1838;995;1284;"00000979.xml"
"carmenareses";"Amebae";1854;2163;1850;2094;"00000984.xml"
"carmenareses";"Amebae";835;1120;1340;1584;"00000984.xml"
"carmenareses";"Trichuris trichiura";1148;1433;995;1577;"00001871.xml"
"carmenareses";"Trichuris trichiura";1264;1717;1140;1485;"00002156.xml"
"carmenareses";"Hymenolepsis Nana";1047;1460;1348;1717;"00002690.xml"
"carmenareses";"Hymenolepsis Nana";1529;1846;951;1236;"00002699.xml"
"carmenareses";"Hymenolepsis Nana";1144;1360;277;477;"00002699.xml"
"carmenareses";"Hymenolepsis Nana";1312;1777;1288;1757;"00002990.xml"
"carmenareses";"Hymenolepsis Nana";1172;1649;1087;1524;"00003051.xml"
"carmenareses";"Hymenolepsis Nana";1710;2071;1152;1509;"00003170.xml"
"carmenareses";"Hymenolepsis Nana";1425;1910;1489;1842;"00003194.xml"
"carmenareses";"Hymenolepsis Nana";1633;1970;1083;1512;"00003361.xml"
"carmenareses";"Hymenolepsis Nana";1654;2003;1485;1866;"00003381.xml"
"carmenareses";"Hymenolepsis Nana";1232;1553;32;296;"00003381.xml"
"carmenareses";"Hymenolepsis Nana";1561;2014;1051;1468;"00003519.xml"
"carmenareses";"Hymenolepsis Nana";1593;2002;1051;1508;"00003929.xml"
"carmenareses";"Giardia Duodenalis";1340;1544;1381;1481;"15.xml"
"carmenareses";"Giardia Duodenalis";2850;3030;702;866;"39.xml"
"carmenareses";"Ascaris lumbricoides";2697;2893;1565;1829;"PTC0069.xml"
"carmenareses";"Ascaris lumbricoides";2906;3110;1658;1943;"PTC0069.xml"
"carmenareses";"Ascaris lumbricoides";297;814;1280;1637;"PTC0069.xml"
"carmenareses";"Giardia Duodenalis";1320;1497;944;1069;"PTC0100.xml"
"carmenareses";"Trichuris trichiura";566;1148;449;878;"PTDC0008.xml"
"carmenareses";"Giardia Duodenalis";1280;1432;1360;1548;"PTDC0072.xml"
"casti";"Ascaris lumbricoides";1203;1483;882;1164;"00000047.xml"
"casti";"Ascaris lumbricoides";1514;1866;976;1281;"00000051.xml"
"casti";"Amebae";2946;3158;609;875;"00000067.xml"
"casti";"Amebae";1139;1266;1857;2000;"00000067.xml"
"casti";"Giardia Duodenalis";1185;1345;1846;1981;"00000074.xml"
"casti";"Giardia Duodenalis";2545;2737;71;223;"00000086.xml"
"casti";"Ascaris lumbricoides";1890;2152;1614;1885;"00000196.xml"
"casti";"Ascaris lumbricoides";1624;1864;1111;1369;"00000204.xml"
"casti";"Giardia Duodenalis";952;1147;1931;2172;"00000230.xml"
"casti";"Giardia Duodenalis";1640;1821;1292;1402;"00000235.xml"
"casti";"Giardia Duodenalis";1285;1421;1354;1550;"00000289.xml"
"casti";"Ascaris lumbricoides";918;1249;1759;2096;"00000321.xml"
"casti";"Ascaris lumbricoides";1592;1921;1178;1564;"00000537.xml"
"casti";"Ascaris lumbricoides";1671;2199;1208;1763;"00000608.xml"
"casti";"Ascaris lumbricoides";1034;1202;536;676;"00000640.xml"
"casti";"Amebae";1585;1830;1033;1281;"00000979.xml"
"casti";"Amebae";1880;2140;1844;2100;"00000984.xml"
"casti";"Trichuris trichiura";1151;1440;987;1526;"00001871.xml"
"casti";"Trichuris trichiura";1254;1742;969;1483;"00002156.xml"
"casti";"Hymenolepsis Nana";1042;1638;1302;1752;"00002690.xml"
"casti";"Giardia Duodenalis";1149;1342;281;464;"00002699.xml"
"casti";"Hymenolepsis Nana";1311;1771;1262;1738;"00002990.xml"
"casti";"Hymenolepsis Nana";1226;1644;1054;1574;"00003051.xml"
"casti";"Hymenolepsis Nana";1723;2085;1140;1550;"00003170.xml"
"casti";"Trichuris trichiura";392;860;407;655;"00003194.xml"
"casti";"Hymenolepsis Nana";1591;1990;1076;1512;"00003361.xml"
"casti";"Hymenolepsis Nana";1634;2006;1481;1859;"00003381.xml"
"casti";"Hymenolepsis Nana";1448;1997;1007;1509;"00003519.xml"
"casti";"Hymenolepsis Nana";1521;2002;1038;1497;"00003929.xml"
"casti";"Giardia Duodenalis";1364;1549;1354;1507;"15.xml"
"casti";"Giardia Duodenalis";1525;1697;812;966;"39.xml"
"casti";"Giardia Duodenalis";1747;1921;1804;2002;"PTC0069.xml"
"casti";"Giardia Duodenalis";1330;1490;944;1062;"PTC0100.xml"
"casti";"Trichuris trichiura";1618;1837;1283;1404;"PTDC0008.xml"
"casti";"Giardia Duodenalis";1287;1433;1358;1540;"PTDC0072.xml"
"claraulloa";"Hymenolepsis Nana";1196;1481;891;1155;"00000047.xml"
"claraulloa";"Ascaris lumbricoides";1521;1866;983;1260;"00000051.xml"
"claraulloa";"Amebae";2926;3078;630;798;"00000067.xml"
"claraulloa";"Amebae";1108;1284;1846;1990;"00000067.xml"
"claraulloa";"Giardia Duodenalis";1196;1332;1842;1990;"00000074.xml"
"claraulloa";"Giardia Duodenalis";947;1047;1493;1605;"00000074.xml"
"claraulloa";"Ascaris lumbricoides";1304;1560;1939;2171;"00000086.xml"
"claraulloa";"Ascaris lumbricoides";1874;2167;1609;1894;"00000196.xml"
"claraulloa";"Ascaris lumbricoides";1605;1873;1091;1376;"00000204.xml"
"claraulloa";"Giardia Duodenalis";754;862;1160;1276;"00000230.xml"
"claraulloa";"Giardia Duodenalis";790;882;562;686;"00000230.xml"
"claraulloa";"Giardia Duodenalis";473;641;164;288;"00000235.xml"
"claraulloa";"Giardia Duodenalis";1268;1416;1348;1536;"00000289.xml"
"claraulloa";"Ascaris lumbricoides";895;1276;1754;2063;"00000321.xml"
"claraulloa";"Ascaris lumbricoides";1637;1922;1184;1533;"00000537.xml"
"claraulloa";"Ascaris lumbricoides";1762;2143;1236;1769;"00000608.xml"
"claraulloa";"Hymenolepsis Nana";1018;1213;556;658;"00000640.xml"
"claraulloa";"Ascaris lumbricoides";1577;1845;1043;1287;"00000979.xml"
"claraulloa";"Ascaris lumbricoides";1850;2143;1862;2110;"00000984.xml"
"claraulloa";"Ascaris lumbricoides";847;1128;1356;1580;"00000984.xml"
"claraulloa";"Trichuris trichiura";1188;1408;1031;1576;"00001871.xml"
"claraulloa";"Trichuris trichiura";1256;1737;1063;1508;"00002156.xml"
"claraulloa";"Hymenolepsis Nana";1071;1412;1348;1717;"00002690.xml"
"claraulloa";"Amebae";1116;1360;277;489;"00002699.xml"
"claraulloa";"Hymenolepsis Nana";1300;1777;1316;1773;"00002990.xml"
"claraulloa";"Hymenolepsis Nana";1316;1649;1156;1485;"00003051.xml"
"claraulloa";"Hymenolepsis Nana";1714;2067;1180;1517;"00003170.xml"
"claraulloa";"Hymenolepsis Nana";1473;1870;1517;1850;"00003194.xml"
"claraulloa";"Hymenolepsis Nana";1658;1947;1136;1473;"00003361.xml"
"claraulloa";"Hymenolepsis Nana";1662;2023;1509;1854;"00003381.xml"
"claraulloa";"Hymenolepsis Nana";1621;1970;1051;1476;"00003519.xml"
"claraulloa";"Hymenolepsis Nana";1569;2022;1059;1488;"00003929.xml"
"claraulloa";"Giardia Duodenalis";1385;1529;1368;1480;"15.xml"
"claraulloa";"Amebae";2866;3030;722;854;"39.xml"
"claraulloa";"Giardia Duodenalis";1766;1922;1814;1994;"PTC0069.xml"
"claraulloa";"Giardia Duodenalis";2830;2946;1569;1689;"PTC0100.xml"
"claraulloa";"Giardia Duodenalis";473;657;140;292;"PTDC0008.xml"
"claraulloa";"Giardia Duodenalis";1268;1440;1364;1524;"PTDC0072.xml"
"elenamarco";"Ascaris lumbricoides";1172;1509;863;1168;"00000047.xml"
"elenamarco";"Ascaris lumbricoides";1533;1850;995;1251;"00000051.xml"
"elenamarco";"Amebae";2930;3098;650;798;"00000067.xml"
"elenamarco";"Amebae";1124;1272;1842;2002;"00000067.xml"
"elenamarco";"Amebae";931;1063;1501;1609;"00000074.xml"
"elenamarco";"Amebae";1019;1163;1722;1858;"00000074.xml"
"elenamarco";"Amebae";1172;1356;1814;1982;"00000074.xml"
"elenamarco";"Ascaris lumbricoides";1280;1557;1886;2154;"00000086.xml"
"elenamarco";"Ascaris lumbricoides";1874;2183;1621;1873;"00000196.xml"
"elenamarco";"Ascaris lumbricoides";1577;1906;1100;1385;"00000204.xml"
"elenamarco";"Giardia Duodenalis";959;1155;1902;2134;"00000230.xml"
"elenamarco";"Giardia Duodenalis";1621;1841;1300;1400;"00000235.xml"
"elenamarco";"Giardia Duodenalis";1264;1456;1360;1540;"00000289.xml"
"elenamarco";"Giardia Duodenalis";1910;2094;1830;2034;"00000289.xml"
"elenamarco";"Ascaris lumbricoides";887;1264;1770;2047;"00000321.xml"
"elenamarco";"Ascaris lumbricoides";1613;1934;1196;1533;"00000537.xml"
"elenamarco";"Hymenolepsis Nana";1738;2131;1256;1781;"00000608.xml"
"elenamarco";"Hymenolepsis Nana";999;1213;531;669;"00000640.xml"
"elenamarco";"Ascaris lumbricoides";1577;1841;1035;1283;"00000979.xml"
"elenamarco";"Ascaris lumbricoides";1830;2171;1794;2095;"00000984.xml"
"elenamarco";"Ascaris lumbricoides";839;1164;1320;1601;"00000984.xml"
"elenamarco";"Trichuris trichiura";1176;1444;1027;1577;"00001871.xml"
"elenamarco";"Trichuris trichiura";1356;1979;971;1265;"00002156.xml"
"elenamarco";"Hymenolepsis Nana";1047;1484;1300;1753;"00002690.xml"
"elenamarco";"Hymenolepsis Nana";1513;1926;931;1268;"00002699.xml"
"elenamarco";"Hymenolepsis Nana";1324;1789;1284;1729;"00002990.xml"
"elenamarco";"Hymenolepsis Nana";1300;1653;1168;1445;"00003051.xml"
"elenamarco";"Hymenolepsis Nana";1714;2075;1136;1553;"00003170.xml"
"elenamarco";"Hymenolepsis Nana";1449;1910;1501;1846;"00003194.xml"
"elenamarco";"Hymenolepsis Nana";1601;1986;1108;1453;"00003361.xml"
"elenamarco";"Hymenolepsis Nana";1629;2042;1493;1858;"00003381.xml"
"elenamarco";"Hymenolepsis Nana";1617;1994;1063;1504;"00003519.xml"
"elenamarco";"Hymenolepsis Nana";1569;2022;1055;1516;"00003929.xml"
"elenamarco";"Trichuris trichiura";1381;1553;1356;1500;"15.xml"
"elenamarco";"Amebae";2882;3010;718;862;"39.xml"
"elenamarco";"Ascaris lumbricoides";309;794;1284;1629;"PTC0069.xml"
"elenamarco";"Ascaris lumbricoides";2697;2881;1529;1826;"PTC0069.xml"
"elenamarco";"Ascaris lumbricoides";2914;3086;1633;1950;"PTC0069.xml"
"elenamarco";"Giardia Duodenalis";1284;1512;943;1055;"PTC0100.xml"
"elenamarco";"Giardia Duodenalis";1035;1239;1413;1694;"PTC0100.xml"
"elenamarco";"Giardia Duodenalis";2822;2954;1541;1677;"PTC0100.xml"
"elenamarco";"Trichuris trichiura";1601;1861;1284;1396;"PTDC0008.xml"
"elenamarco";"Giardia Duodenalis";1280;1436;1368;1548;"PTDC0072.xml"
"enriqueasensio";"Ascaris lumbricoides";1200;1477;911;1155;"00000047.xml"
"enriqueasensio";"Ascaris lumbricoides";1513;1846;975;1252;"00000051.xml"
"enriqueasensio";"Giardia Duodenalis";1116;1268;1846;1986;"00000067.xml"
"enriqueasensio";"Giardia Duodenalis";2922;3078;642;790;"00000067.xml"
"enriqueasensio";"Giardia Duodenalis";192;348;706;834;"00000067.xml"
"enriqueasensio";"Amebae";1031;1147;1734;1850;"00000074.xml"
"enriqueasensio";"Amebae";1188;1344;1846;1986;"00000074.xml"
"enriqueasensio";"Ascaris lumbricoides";1300;1556;1910;2170;"00000086.xml"
"enriqueasensio";"Amebae";1878;2150;1609;1881;"00000196.xml"
"enriqueasensio";"Amebae";0;176;0;104;"00000196.xml"
"enriqueasensio";"Ascaris lumbricoides";1601;1861;1108;1368;"00000204.xml"
"enriqueasensio";"Giardia Duodenalis";975;1123;1959;2119;"00000230.xml"
"enriqueasensio";"Giardia Duodenalis";1654;1814;1280;1404;"00000235.xml"
"enriqueasensio";"Giardia Duodenalis";1292;1408;1364;1532;"00000289.xml"
"enriqueasensio";"Ascaris lumbricoides";899;1252;1774;2042;"00000321.xml"
"enriqueasensio";"Ascaris lumbricoides";1597;1922;1168;1557;"00000537.xml"
"enriqueasensio";"Ascaris lumbricoides";1774;2059;1312;1713;"00000608.xml"
"enriqueasensio";"Hymenolepsis Nana";1024;1185;527;667;"00000640.xml"
"enriqueasensio";"Amebae";1589;1823;1032;1273;"00000979.xml"
"enriqueasensio";"Ascaris lumbricoides";1882;2126;1846;2086;"00000984.xml"
"enriqueasensio";"Trichuris trichiura";1188;1396;967;1569;"00001871.xml"
"enriqueasensio";"Trichuris trichiura";1277;1724;1116;1475;"00002156.xml"
"enriqueasensio";"Hymenolepsis Nana";1055;1444;1332;1713;"00002690.xml"
"enriqueasensio";"Hymenolepsis Nana";1505;1942;915;1248;"00002699.xml"
"enriqueasensio";"Hymenolepsis Nana";1332;1765;1316;1725;"00002990.xml"
"enriqueasensio";"Hymenolepsis Nana";1316;1629;1132;1481;"00003051.xml"
"enriqueasensio";"Hymenolepsis Nana";1710;2071;1156;1537;"00003170.xml"
"enriqueasensio";"Hymenolepsis Nana";1437;1910;1509;1850;"00003194.xml"
"enriqueasensio";"Hymenolepsis Nana";1609;1970;1104;1497;"00003361.xml"
"enriqueasensio";"Hymenolepsis Nana";1621;1998;1497;1854;"00003381.xml"
"enriqueasensio";"Hymenolepsis Nana";1609;1990;1047;1488;"00003519.xml"
"enriqueasensio";"Hymenolepsis Nana";1573;1978;1051;1500;"00003929.xml"
"enriqueasensio";"Giardia Duodenalis";1360;1532;1356;1500;"15.xml"
"enriqueasensio";"Giardia Duodenalis";1523;1679;825;960;"39.xml"
"enriqueasensio";"Giardia Duodenalis";1778;1902;1822;1974;"PTC0069.xml"
"enriqueasensio";"Giardia Duodenalis";1324;1476;923;1059;"PTC0100.xml"
"enriqueasensio";"Giardia Duodenalis";1633;1813;1288;1396;"PTDC0008.xml"
"enriqueasensio";"Giardia Duodenalis";1280;1416;1368;1528;"PTDC0072.xml"
"esther";"Amebae";1206;1485;890;1169;"00000047.xml"
"esther";"Amebae";1511;1849;964;1273;"00000051.xml"
"esther";"Amebae";2951;3108;648;811;"00000067.xml"
"esther";"Amebae";1127;1279;1846;2020;"00000067.xml"
"esther";"Ascaris lumbricoides";1178;1342;1842;1985;"00000074.xml"
"esther";"Giardia Duodenalis";2848;2976;1781;1852;"00000086.xml"
"esther";"Giardia Duodenalis";1881;2164;1620;1888;"00000196.xml"
"esther";"Hymenolepsis Nana";1610;1856;1109;1378;"00000204.xml"
"esther";"Giardia Duodenalis";724;925;1121;1300;"00000230.xml"
"esther";"Giardia Duodenalis";786;880;570;690;"00000230.xml"
"esther";"Amebae";910;1028;1306;1409;"00000235.xml"
"esther";"Giardia Duodenalis";1283;1425;1366;1540;"00000289.xml"
"esther";"Giardia Duodenalis";698;814;989;1133;"00000321.xml"
"esther";"Giardia Duodenalis";2999;3115;270;376;"00000321.xml"
"esther";"Ascaris lumbricoides";1590;1933;1188;1588;"00000537.xml"
"esther";"Ascaris lumbricoides";1715;2147;1255;1778;"00000608.xml"
"esther";"Ascaris lumbricoides";1030;1185;528;683;"00000640.xml"
"esther";"Amebae";1575;1840;1023;1281;"00000979.xml"
"esther";"Amebae";1884;2145;1837;2119;"00000984.xml"
"esther";"Trichuris trichiura";1105;1486;991;1557;"00001871.xml"
"esther";"Trichuris trichiura";1228;1725;1021;1485;"00002156.xml"
"esther";"Hymenolepsis Nana";1062;1459;1339;1726;"00002690.xml"
"esther";"Amebae";1145;1340;266;490;"00002699.xml"
"esther";"Hymenolepsis Nana";1327;1785;1283;1752;"00002990.xml"
"esther";"Hymenolepsis Nana";1302;1642;1143;1483;"00003051.xml"
"esther";"Hymenolepsis Nana";1699;2096;1143;1550;"00003170.xml"
"esther";"Ascaris lumbricoides";1442;1906;1497;1864;"00003194.xml"
"esther";"Hymenolepsis Nana";1611;1985;1098;1500;"00003361.xml"
"esther";"Hymenolepsis Nana";1636;2014;1480;1859;"00003381.xml"
"esther";"Hymenolepsis Nana";1585;2024;1057;1507;"00003519.xml"
"esther";"Hymenolepsis Nana";1558;1990;1041;1507;"00003929.xml"
"esther";"Giardia Duodenalis";1361;1545;1349;1500;"15.xml"
"esther";"Trichuris trichiura";2868;3013;713;854;"39.xml"
"esther";"Hymenolepsis Nana";2675;3109;1547;1971;"PTC0069.xml"
"esther";"Trichuris trichiura";1317;1492;921;1076;"PTC0100.xml"
"esther";"Giardia Duodenalis";2127;2211;1056;1159;"PTDC0008.xml"
"esther";"Hymenolepsis Nana";1285;1435;1367;1538;"PTDC0072.xml"
"esther";"Hymenolepsis Nana";1914;2123;1836;2035;"PTDC0072.xml"
"isabel";"Ascaris lumbricoides";1209;1487;898;1171;"00000047.xml"
"isabel";"Amebae";1568;1823;980;1241;"00000051.xml"
"isabel";"Amebae";2929;3081;615;821;"00000067.xml"
"isabel";"Giardia Duodenalis";1186;1349;1842;1993;"00000074.xml"
"isabel";"Giardia Duodenalis";933;1066;1485;1623;"00000074.xml"
"isabel";"Amebae";1304;1551;1911;2183;"00000086.xml"
"isabel";"Amebae";1878;2161;1617;1883;"00000196.xml"
"isabel";"Ascaris lumbricoides";1611;1875;1106;1376;"00000204.xml"
"isabel";"Trichuris trichiura";973;1134;1949;2147;"00000230.xml"
"isabel";"Amebae";928;1021;1295;1412;"00000235.xml"
"isabel";"Giardia Duodenalis";1285;1448;1372;1535;"00000289.xml"
"isabel";"Ascaris lumbricoides";923;1242;1773;2052;"00000321.xml"
"isabel";"Giardia Duodenalis";1600;1943;1192;1518;"00000537.xml"
"isabel";"Ascaris lumbricoides";1726;2156;1225;1758;"00000608.xml"
"isabel";"Ascaris lumbricoides";1018;1191;542;672;"00000640.xml"
"isabel";"Amebae";1611;1834;1061;1273;"00000979.xml"
"isabel";"Ascaris lumbricoides";1895;2134;1862;2090;"00000984.xml"
"isabel";"Trichuris trichiura";1187;1410;1094;1475;"00001871.xml"
"isabel";"Trichuris trichiura";1290;1731;1116;1497;"00002156.xml"
"isabel";"Hymenolepsis Nana";1040;1432;1323;1725;"00002690.xml"
"isabel";"Amebae";1134;1368;266;500;"00002699.xml"
"isabel";"Ascaris lumbricoides";626;970;1698;2042;"00002990.xml"
"isabel";"Hymenolepsis Nana";1394;1557;1241;1404;"00003051.xml"
"isabel";"Ascaris lumbricoides";1824;1987;1252;1415;"00003170.xml"
"isabel";"Trichuris trichiura";1023;1186;304;467;"00003194.xml"
"isabel";"Hymenolepsis Nana";1611;1954;1138;1432;"00003361.xml"
"isabel";"Hymenolepsis Nana";1595;2030;1443;1889;"00003381.xml"
"isabel";"Hymenolepsis Nana";1639;1976;1072;1496;"00003519.xml"
"isabel";"Hymenolepsis Nana";1606;1938;1083;1458;"00003929.xml"
"isabel";"Giardia Duodenalis";1380;1556;1362;1504;"15.xml"
"isabel";"Hymenolepsis Nana";1527;1714;837;973;"39.xml"
"isabel";"Ascaris lumbricoides";2935;3098;1704;1867;"PTC0069.xml"
"isabel";"Ascaris lumbricoides";2711;2874;1622;1785;"PTC0069.xml"
"isabel";"Amebae";2836;2928;1595;1676;"PTC0100.xml"
"isabel";"Trichuris trichiura";1639;1811;1284;1423;"PTDC0008.xml"
"isabel";"Giardia Duodenalis";1268;1431;1366;1529;"PTDC0072.xml"
"isabelmartinez";"Ascaris lumbricoides";1212;1484;903;1155;"00000047.xml"
"isabelmartinez";"Amebae";1525;1838;971;1264;"00000051.xml"
"isabelmartinez";"Giardia Duodenalis";2950;3070;658;790;"00000067.xml"
"isabelmartinez";"Amebae";1192;1344;1850;1986;"00000074.xml"
"isabelmartinez";"Amebae";1023;1159;1734;1854;"00000074.xml"
"isabelmartinez";"Amebae";931;1063;1481;1609;"00000074.xml"
"isabelmartinez";"Amebae";2019;2035;1658;1686;"00000074.xml"
"isabelmartinez";"Amebae";1296;1552;1910;2178;"00000086.xml"
"isabelmartinez";"Amebae";1894;2142;1641;1877;"00000196.xml"
"isabelmartinez";"Giardia Duodenalis";1625;1873;1116;1380;"00000204.xml"
"isabelmartinez";"Giardia Duodenalis";987;1115;1955;2123;"00000230.xml"
"isabelmartinez";"Trichuris trichiura";562;1140;469;870;"00000235.xml"
"isabelmartinez";"Giardia Duodenalis";1292;1412;1372;1528;"00000289.xml"
"isabelmartinez";"Amebae";915;1252;1778;2042;"00000321.xml"
"isabelmartinez";"Ascaris lumbricoides";1605;1914;1204;1533;"00000537.xml"
"isabelmartinez";"Ascaris lumbricoides";1746;2135;1284;1753;"00000608.xml"
"isabelmartinez";"Hymenolepsis Nana";1031;1182;537;669;"00000640.xml"
"isabelmartinez";"Ascaris lumbricoides";1585;1833;1039;1279;"00000979.xml"
"isabelmartinez";"Amebae";1878;2126;1846;2086;"00000984.xml"
"isabelmartinez";"Trichuris trichiura";1168;1408;1003;1504;"00001871.xml"
"isabelmartinez";"Trichuris trichiura";1276;1729;1124;1469;"00002156.xml"
"isabelmartinez";"Hymenolepsis Nana";1047;1424;1364;1681;"00002690.xml"
"isabelmartinez";"Hymenolepsis Nana";1541;1838;959;1231;"00002699.xml"
"isabelmartinez";"Hymenolepsis Nana";1320;1773;1308;1733;"00002990.xml"
"isabelmartinez";"Hymenolepsis Nana";1292;1637;1124;1461;"00003051.xml"
"isabelmartinez";"Hymenolepsis Nana";1734;2075;1168;1533;"00003170.xml"
"isabelmartinez";"Amebae";1449;1896;1496;1847;"00003194.xml"
"isabelmartinez";"Hymenolepsis Nana";1609;1966;1104;1489;"00003361.xml"
"isabelmartinez";"Hymenolepsis Nana";1650;2003;1497;1846;"00003381.xml"
"isabelmartinez";"Hymenolepsis Nana";1621;1970;1063;1492;"00003519.xml"
"isabelmartinez";"Hymenolepsis Nana";1633;1970;1063;1488;"00003929.xml"
"isabelmartinez";"Giardia Duodenalis";1381;1537;1377;1489;"15.xml"
"isabelmartinez";"Trichuris trichiura";1525;1689;843;947;"39.xml"
"isabelmartinez";"Trichuris trichiura";2685;2897;1569;1809;"PTC0069.xml"
"isabelmartinez";"Trichuris trichiura";2894;3090;1662;1930;"PTC0069.xml"
"isabelmartinez";"Amebae";1320;1480;943;1059;"PTC0100.xml"
"isabelmartinez";"Trichuris trichiura";562;1144;457;882;"PTDC0008.xml"
"isabelmartinez";"Giardia Duodenalis";1284;1416;1372;1536;"PTDC0072.xml"
"macarenacobo";"Ascaris lumbricoides";1192;1495;881;1171;"00000047.xml"
"macarenacobo";"Ascaris lumbricoides";1525;1847;973;1262;"00000051.xml"
"macarenacobo";"Amebae";2935;3078;666;785;"00000067.xml"
"macarenacobo";"Amebae";1183;1345;1845;1990;"00000074.xml"
"macarenacobo";"Ascaris lumbricoides";1287;1556;1919;2190;"00000086.xml"
"macarenacobo";"Ascaris lumbricoides";1887;2159;1609;1890;"00000196.xml"
"macarenacobo";"Ascaris lumbricoides";1602;1861;1112;1366;"00000204.xml"
"macarenacobo";"Giardia Duodenalis";754;902;1160;1292;"00000230.xml"
"macarenacobo";"Giardia Duodenalis";794;906;529;689;"00000230.xml"
"macarenacobo";"Amebae";428;509;1762;1845;"00000230.xml"
"macarenacobo";"Ascaris lumbricoides";1658;1809;1288;1412;"00000235.xml"
"macarenacobo";"Giardia Duodenalis";1278;1425;1362;1533;"00000289.xml"
"macarenacobo";"Ascaris lumbricoides";909;1250;1741;2062;"00000321.xml"
"macarenacobo";"Ascaris lumbricoides";1601;1921;1184;1563;"00000537.xml"
"macarenacobo";"Ascaris lumbricoides";1730;2152;1296;1764;"00000608.xml"
"macarenacobo";"Ascaris lumbricoides";1034;1188;550;662;"00000640.xml"
"macarenacobo";"Ascaris lumbricoides";1573;1830;1031;1281;"00000979.xml"
"macarenacobo";"Ascaris lumbricoides";1770;2207;1810;2107;"00000984.xml"
"macarenacobo";"Ascaris lumbricoides";814;1151;1356;1580;"00000984.xml"
"macarenacobo";"Trichuris trichiura";1116;1457;963;1617;"00001871.xml"
"macarenacobo";"Trichuris trichiura";1136;1733;1015;1485;"00002156.xml"
"macarenacobo";"Hymenolepsis Nana";1061;1476;1338;1741;"00002690.xml"
"macarenacobo";"Hymenolepsis Nana";1581;1862;963;1227;"00002699.xml"
"macarenacobo";"Hymenolepsis Nana";1248;1814;1272;1749;"00002990.xml"
"macarenacobo";"Hymenolepsis Nana";1256;1677;1152;1541;"00003051.xml"
"macarenacobo";"Giardia Duodenalis";2460;2680;176;400;"00003170.xml"
"macarenacobo";"Ascaris lumbricoides";1450;1895;1488;1847;"00003194.xml"
"macarenacobo";"Hymenolepsis Nana";1604;1978;1100;1496;"00003361.xml"
"macarenacobo";"Ascaris lumbricoides";1626;2011;1498;1854;"00003381.xml"
"macarenacobo";"Hymenolepsis Nana";1578;1992;1027;1523;"00003519.xml"
"macarenacobo";"Hymenolepsis Nana";1603;1999;1036;1514;"00003929.xml"
"macarenacobo";"Giardia Duodenalis";1380;1540;1364;1488;"15.xml"
"macarenacobo";"Giardia Duodenalis";1537;1687;833;950;"39.xml"
"macarenacobo";"Ascaris lumbricoides";289;809;1269;1654;"PTC0069.xml"
"macarenacobo";"Giardia Duodenalis";2849;2930;1584;1671;"PTC0100.xml"
"macarenacobo";"Giardia Duodenalis";1637;1892;1281;1435;"PTDC0008.xml"
"macarenacobo";"Giardia Duodenalis";1939;2095;787;990;"PTDC0072.xml"
"mariafrias";"Ascaris lumbricoides";1211;1490;898;1162;"00000047.xml"
"mariafrias";"Amebae";2305;2399;165;235;"00000051.xml"
"mariafrias";"Amebae";1973;2066;941;1035;"00000051.xml"
"mariafrias";"Amebae";13;118;1837;1940;"00000051.xml"
"mariafrias";"Ascaris lumbricoides";1956;2058;917;1059;"00000067.xml"
"mariafrias";"Amebae";1030;1150;1731;1862;"00000074.xml"
"mariafrias";"Amebae";1182;1347;1848;1988;"00000074.xml"
"mariafrias";"Amebae";911;1076;1487;1623;"00000074.xml"
"mariafrias";"Ascaris lumbricoides";1294;1578;1920;2185;"00000086.xml"
"mariafrias";"Amebae";462;603;1709;1861;"00000196.xml"
"mariafrias";"Trichuris trichiura";2363;2564;234;446;"00000204.xml"
"mariafrias";"Amebae";778;897;570;683;"00000230.xml"
"mariafrias";"Amebae";763;873;1164;1278;"00000230.xml"
"mariafrias";"Trichuris trichiura";1636;1830;1287;1423;"00000235.xml"
"mariafrias";"Ascaris lumbricoides";1283;1442;1356;1533;"00000289.xml"
"mariafrias";"Ascaris lumbricoides";915;1261;1779;2050;"00000321.xml"
"mariafrias";"Ascaris lumbricoides";1597;1911;1188;1564;"00000537.xml"
"mariafrias";"Hymenolepsis Nana";1682;2182;1230;1801;"00000608.xml"
"mariafrias";"Ascaris lumbricoides";1013;1209;525;680;"00000640.xml"
"mariafrias";"Giardia Duodenalis";1583;1836;1037;1269;"00000979.xml"
"mariafrias";"Hymenolepsis Nana";1873;2131;1846;2095;"00000984.xml"
"mariafrias";"Trichuris trichiura";1156;1422;978;1538;"00001871.xml"
"mariafrias";"Trichuris trichiura";1215;1733;990;1493;"00002156.xml"
"mariafrias";"Hymenolepsis Nana";1040;1464;1317;1736;"00002690.xml"
"mariafrias";"Amebae";1154;1335;283;466;"00002699.xml"
"mariafrias";"Giardia Duodenalis";1279;1785;1279;1774;"00002990.xml"
"mariafrias";"Hymenolepsis Nana";1323;1611;1181;1485;"00003051.xml"
"mariafrias";"Amebae";370;544;539;680;"00003170.xml"
"mariafrias";"Trichuris trichiura";952;1240;304;489;"00003194.xml"
"mariafrias";"Ascaris lumbricoides";1614;1964;1113;1502;"00003361.xml"
"mariafrias";"Ascaris lumbricoides";1623;1995;1488;1866;"00003381.xml"
"mariafrias";"Giardia Duodenalis";1535;2008;1034;1529;"00003519.xml"
"mariafrias";"Trichuris trichiura";1605;2001;1046;1478;"00003929.xml"
"mariafrias";"Giardia Duodenalis";1376;1533;1366;1495;"15.xml"
"mariafrias";"Trichuris trichiura";2866;2999;739;845;"39.xml"
"mariafrias";"Hymenolepsis Nana";2875;3141;1617;1976;"PTC0069.xml"
"mariafrias";"Hymenolepsis Nana";2673;2901;1568;1845;"PTC0069.xml"
"mariafrias";"Amebae";2824;2949;1567;1685;"PTC0100.xml"
"mariafrias";"Amebae";925;1016;1296;1409;"PTDC0008.xml"
"mariafrias";"Giardia Duodenalis";1285;1412;1378;1523;"PTDC0072.xml"
"mariagala";"Ascaris lumbricoides";1211;1485;906;1154;"00000047.xml"
"mariagala";"Ascaris lumbricoides";1528;1852;977;1269;"00000051.xml"
"mariagala";"Amebae";2918;3094;658;810;"00000067.xml"
"mariagala";"Amebae";1139;1275;1851;1995;"00000067.xml"
"mariagala";"Giardia Duodenalis";1168;1368;1834;2002;"00000074.xml"
"mariagala";"Giardia Duodenalis";923;1079;1465;1621;"00000074.xml"
"mariagala";"Giardia Duodenalis";1015;1151;1722;1866;"00000074.xml"
"mariagala";"Hymenolepsis Nana";1368;2018;1429;2023;"00000086.xml"
"mariagala";"Hymenolepsis Nana";1268;1585;1902;2183;"00000086.xml"
"mariagala";"Hymenolepsis Nana";2521;2761;84;248;"00000086.xml"
"mariagala";"Ascaris lumbricoides";1892;2145;1626;1881;"00000196.xml"
"mariagala";"Ascaris lumbricoides";1622;1866;1116;1385;"00000204.xml"
"mariagala";"Trichuris trichiura";978;1125;1953;2145;"00000230.xml"
"mariagala";"Giardia Duodenalis";1630;1814;1288;1419;"00000235.xml"
"mariagala";"Giardia Duodenalis";1290;1428;1355;1531;"00000289.xml"
"mariagala";"Ascaris lumbricoides";913;1264;1771;2038;"00000321.xml"
"mariagala";"Ascaris lumbricoides";1606;1930;1194;1566;"00000537.xml"
"mariagala";"Ascaris lumbricoides";1722;2155;1252;1789;"00000608.xml"
"mariagala";"Hymenolepsis Nana";1018;1192;522;683;"00000640.xml"
"mariagala";"Amebae";1590;1829;1033;1283;"00000979.xml"
"mariagala";"Ascaris lumbricoides";1830;2175;1858;2090;"00000984.xml"
"mariagala";"Ascaris lumbricoides";818;1131;1332;1621;"00000984.xml"
"mariagala";"Trichuris trichiura";1140;1421;979;1537;"00001871.xml"
"mariagala";"Trichuris trichiura";1156;1730;1027;1478;"00002156.xml"
"mariagala";"Hymenolepsis Nana";1035;1484;1360;1749;"00002690.xml"
"mariagala";"Amebae";1571;1851;947;1227;"00002699.xml"
"mariagala";"Amebae";1128;1351;274;479;"00002699.xml"
"mariagala";"Hymenolepsis Nana";1300;1837;1284;1773;"00002990.xml"
"mariagala";"Hymenolepsis Nana";1260;1705;1075;1544;"00003051.xml"
"mariagala";"Hymenolepsis Nana";1670;2131;1128;1597;"00003170.xml"
"mariagala";"Hymenolepsis Nana";1433;1938;1477;1878;"00003194.xml"
"mariagala";"Hymenolepsis Nana";1619;1971;1109;1494;"00003361.xml"
"mariagala";"Hymenolepsis Nana";1640;1997;1496;1862;"00003381.xml"
"mariagala";"Hymenolepsis Nana";1621;1967;1051;1500;"00003519.xml"
"mariagala";"Hymenolepsis Nana";1585;1994;1051;1552;"00003929.xml"
"mariagala";"Giardia Duodenalis";1383;1540;1366;1495;"15.xml"
"mariagala";"Giardia Duodenalis";1536;1692;840;962;"39.xml"
"mariagala";"Giardia Duodenalis";1775;1910;1812;2012;"PTC0069.xml"
"mariagala";"Giardia Duodenalis";1319;1506;930;1069;"PTC0100.xml"
"mariagala";"Giardia Duodenalis";1638;1875;1287;1428;"PTDC0008.xml"
"mariagala";"Giardia Duodenalis";1280;1425;1367;1531;"PTDC0072.xml"
"mariaportarrieu";"Ascaris lumbricoides";1191;1495;885;1173;"00000047.xml"
"mariaportarrieu";"Ascaris lumbricoides";1530;1842;964;1281;"00000051.xml"
"mariaportarrieu";"Giardia Duodenalis";1124;1296;1830;2006;"00000067.xml"
"mariaportarrieu";"Giardia Duodenalis";2947;3071;661;781;"00000067.xml"
"mariaportarrieu";"Giardia Duodenalis";1175;1342;1849;1987;"00000074.xml"
"mariaportarrieu";"Ascaris lumbricoides";1292;1551;1892;2183;"00000086.xml"
"mariaportarrieu";"Ascaris lumbricoides";1878;2164;1618;1890;"00000196.xml"
"mariaportarrieu";"Ascaris lumbricoides";1585;1886;1100;1381;"00000204.xml"
"mariaportarrieu";"Giardia Duodenalis";759;868;1164;1273;"00000230.xml"
"mariaportarrieu";"Amebae";2131;2227;1047;1159;"00000235.xml"
"mariaportarrieu";"Giardia Duodenalis";1275;1425;1363;1531;"00000289.xml"
"mariaportarrieu";"Ascaris lumbricoides";901;1265;1765;2057;"00000321.xml"
"mariaportarrieu";"Ascaris lumbricoides";1587;1928;1180;1566;"00000537.xml"
"mariaportarrieu";"Hymenolepsis Nana";1728;2149;1245;1778;"00000608.xml"
"mariaportarrieu";"Hymenolepsis Nana";1034;1195;542;674;"00000640.xml"
"mariaportarrieu";"Ascaris lumbricoides";1575;1837;1025;1285;"00000979.xml"
"mariaportarrieu";"Ascaris lumbricoides";1834;2163;1810;2087;"00000984.xml"
"mariaportarrieu";"Ascaris lumbricoides";802;1139;1316;1621;"00000984.xml"
"mariaportarrieu";"Ascaris lumbricoides";1340;1681;1605;1873;"00000984.xml"
"mariaportarrieu";"Trichuris trichiura";1136;1465;999;1536;"00001871.xml"
"mariaportarrieu";"Trichuris trichiura";1184;1733;1011;1500;"00002156.xml"
"mariaportarrieu";"Hymenolepsis Nana";1047;1459;1325;1726;"00002690.xml"
"mariaportarrieu";"Hymenolepsis Nana";1525;1902;915;1264;"00002699.xml"
"mariaportarrieu";"Hymenolepsis Nana";1317;1795;1291;1747;"00002990.xml"
"mariaportarrieu";"Hymenolepsis Nana";1292;1643;1064;1495;"00003051.xml"
"mariaportarrieu";"Hymenolepsis Nana";1674;2087;1138;1554;"00003170.xml"
"mariaportarrieu";"Ascaris lumbricoides";1421;1914;1462;1870;"00003194.xml"
"mariaportarrieu";"Hymenolepsis Nana";1597;1992;1107;1507;"00003361.xml"
"mariaportarrieu";"Giardia Duodenalis";1582;1636;1452;1501;"00003381.xml"
"mariaportarrieu";"Giardia Duodenalis";1712;1761;1412;1464;"00003381.xml"
"mariaportarrieu";"Hymenolepsis Nana";1573;2018;1011;1508;"00003519.xml"
"mariaportarrieu";"Hymenolepsis Nana";1521;2030;1043;1516;"00003929.xml"
"mariaportarrieu";"Giardia Duodenalis";1375;1549;1357;1495;"15.xml"
"mariaportarrieu";"Giardia Duodenalis";1526;1699;836;964;"39.xml"
"mariaportarrieu";"Giardia Duodenalis";2861;3009;733;847;"39.xml"
"mariaportarrieu";"Giardia Duodenalis";1756;1918;1823;2000;"PTC0069.xml"
"mariaportarrieu";"Giardia Duodenalis";2835;2940;1560;1698;"PTC0100.xml"
"mariaportarrieu";"Amebae";2120;2233;1039;1148;"PTDC0008.xml"
"mariaportarrieu";"Giardia Duodenalis";1280;1423;1352;1543;"PTDC0072.xml"
"mariarueda";"Amebae";1172;1481;875;1172;"00000047.xml"
"mariarueda";"Amebae";1530;1841;971;1281;"00000051.xml"
"mariarueda";"Giardia Duodenalis";2946;3070;642;802;"00000067.xml"
"mariarueda";"Amebae";1204;1332;1794;2010;"00000074.xml"
"mariarueda";"Hymenolepsis Nana";1364;1994;1417;2007;"00000086.xml"
"mariarueda";"Amebae";1858;2167;1621;1881;"00000196.xml"
"mariarueda";"Amebae";1589;1890;1112;1384;"00000204.xml"
"mariarueda";"Giardia Duodenalis";1016;1181;876;1000;"00000230.xml"
"mariarueda";"Ascaris lumbricoides";578;1123;473;854;"00000235.xml"
"mariarueda";"Giardia Duodenalis";1252;1436;1364;1552;"00000289.xml"
"mariarueda";"Trichuris trichiura";1650;1890;851;1240;"00000321.xml"
"mariarueda";"Amebae";1577;1942;1196;1541;"00000537.xml"
"mariarueda";"Hymenolepsis Nana";1694;2199;1236;1794;"00000608.xml"
"mariarueda";"Hymenolepsis Nana";1035;1177;546;672;"00000640.xml"
"mariarueda";"Amebae";1585;1828;1028;1266;"00000979.xml"
"mariarueda";"Amebae";1871;2127;1856;2100;"00000984.xml"
"mariarueda";"Trichuris trichiura";1188;1416;979;1508;"00001871.xml"
"mariarueda";"Trichuris trichiura";1272;1797;995;1508;"00002156.xml"
"mariarueda";"Hymenolepsis Nana";1043;1440;1336;1701;"00002690.xml"
"mariarueda";"Hymenolepsis Nana";1513;1886;915;1252;"00002699.xml"
"mariarueda";"Hymenolepsis Nana";1316;1781;1300;1745;"00002990.xml"
"mariarueda";"Hymenolepsis Nana";1280;1645;1132;1473;"00003051.xml"
"mariarueda";"Hymenolepsis Nana";1734;2063;1152;1509;"00003170.xml"
"mariarueda";"Hymenolepsis Nana";1461;1886;1477;1858;"00003194.xml"
"mariarueda";"Hymenolepsis Nana";1565;2046;1108;1505;"00003361.xml"
"mariarueda";"Hymenolepsis Nana";1633;1982;1493;1846;"00003381.xml"
"mariarueda";"Hymenolepsis Nana";1593;1978;1035;1532;"00003519.xml"
"mariarueda";"Hymenolepsis Nana";1585;1974;1079;1476;"00003929.xml"
"mariarueda";"Giardia Duodenalis";1381;1542;1372;1502;"15.xml"
"mariarueda";"Giardia Duodenalis";2878;3014;726;838;"39.xml"
"mariarueda";"Giardia Duodenalis";2717;3090;1541;1914;"PTC0069.xml"
"mariarueda";"Giardia Duodenalis";1323;1485;935;1076;"PTC0100.xml"
"mariarueda";"Ascaris lumbricoides";566;1132;465;874;"PTDC0008.xml"
"mariarueda";"Giardia Duodenalis";1286;1421;1364;1545;"PTDC0072.xml"
"martalucena";"Ascaris lumbricoides";1209;1483;899;1171;"00000047.xml"
"martalucena";"Ascaris lumbricoides";1525;1831;968;1271;"00000051.xml"
"martalucena";"Giardia Duodenalis";2934;3090;626;830;"00000067.xml"
"martalucena";"Giardia Duodenalis";1128;1296;1854;1998;"00000067.xml"
"martalucena";"Amebae";917;1066;1485;1621;"00000074.xml"
"martalucena";"Amebae";1035;1159;1734;1858;"00000074.xml"
"martalucena";"Amebae";1180;1368;1842;1990;"00000074.xml"
"martalucena";"Ascaris lumbricoides";1287;1566;1914;2197;"00000086.xml"
"martalucena";"Giardia Duodenalis";1881;2159;1621;1890;"00000196.xml"
"martalucena";"Amebae";1612;1868;1114;1362;"00000204.xml"
"martalucena";"Giardia Duodenalis";758;894;1124;1312;"00000230.xml"
"martalucena";"Giardia Duodenalis";1015;1199;847;1019;"00000230.xml"
"martalucena";"Giardia Duodenalis";959;1139;1955;2167;"00000230.xml"
"martalucena";"Ascaris lumbricoides";554;1180;429;910;"00000235.xml"
"martalucena";"Giardia Duodenalis";1902;2094;742;1027;"00000289.xml"
"martalucena";"Giardia Duodenalis";1288;1423;1373;1538;"00000289.xml"
"martalucena";"Ascaris lumbricoides";923;1259;1760;2054;"00000321.xml"
"martalucena";"Ascaris lumbricoides";1611;1924;1179;1583;"00000537.xml"
"martalucena";"Ascaris lumbricoides";1757;2140;1247;1793;"00000608.xml"
"martalucena";"Hymenolepsis Nana";1041;1185;529;680;"00000640.xml"
"martalucena";"Amebae";1590;1823;1040;1285;"00000979.xml"
"martalucena";"Ascaris lumbricoides";1861;2152;1850;2100;"00000984.xml"
"martalucena";"Trichuris trichiura";1172;1420;1011;1492;"00001871.xml"
"martalucena";"Trichuris trichiura";1220;1778;1051;1480;"00002156.xml"
"martalucena";"Hymenolepsis Nana";1023;1460;1316;1765;"00002690.xml"
"martalucena";"Hymenolepsis Nana";1529;1862;915;1252;"00002699.xml"
"martalucena";"Hymenolepsis Nana";1276;1781;1268;1761;"00002990.xml"
"martalucena";"Hymenolepsis Nana";1240;1669;1043;1500;"00003051.xml"
"martalucena";"Hymenolepsis Nana";1682;2071;1100;1549;"00003170.xml"
"martalucena";"Hymenolepsis Nana";1413;1938;1473;1886;"00003194.xml"
"martalucena";"Hymenolepsis Nana";1609;1998;1095;1504;"00003361.xml"
"martalucena";"Hymenolepsis Nana";1601;2038;1461;1878;"00003381.xml"
"martalucena";"Hymenolepsis Nana";1557;1994;1039;1508;"00003519.xml"
"martalucena";"Hymenolepsis Nana";1589;1994;1027;1500;"00003929.xml"
"martalucena";"Giardia Duodenalis";1381;1549;1364;1497;"15.xml"
"martalucena";"Amebae";1542;1680;841;959;"39.xml"
"martalucena";"Ascaris lumbricoides";2661;2881;1525;1814;"PTC0069.xml"
"martalucena";"Ascaris lumbricoides";2894;3106;1641;1934;"PTC0069.xml"
"martalucena";"Giardia Duodenalis";1319;1495;936;1073;"PTC0100.xml"
"martalucena";"Ascaris lumbricoides";513;1139;433;902;"PTDC0008.xml"
"martalucena";"Giardia Duodenalis";1289;1418;1362;1540;"PTDC0072.xml"
"matiasmarani";"Amebae";1195;1500;888;1170;"00000047.xml"
"matiasmarani";"Amebae";1541;1830;967;1264;"00000051.xml"
"matiasmarani";"Amebae";2932;3071;663;785;"00000067.xml"
"matiasmarani";"Amebae";1156;1258;1853;1990;"00000067.xml"
"matiasmarani";"Giardia Duodenalis";1198;1347;1840;1989;"00000074.xml"
"matiasmarani";"Amebae";1282;1582;1915;2176;"00000086.xml"
"matiasmarani";"Ascaris lumbricoides";1902;2134;1629;1881;"00000196.xml"
"matiasmarani";"Ascaris lumbricoides";1616;1878;1104;1385;"00000204.xml"
"matiasmarani";"Giardia Duodenalis";978;1118;1952;2129;"00000230.xml"
"matiasmarani";"Giardia Duodenalis";1642;1821;1288;1418;"00000235.xml"
"matiasmarani";"Giardia Duodenalis";1282;1416;1372;1532;"00000289.xml"
"matiasmarani";"Ascaris lumbricoides";895;1247;1777;2048;"00000321.xml"
"matiasmarani";"Ascaris lumbricoides";1601;1906;1184;1573;"00000537.xml"
"matiasmarani";"Ascaris lumbricoides";1759;2083;1335;1728;"00000608.xml"
"matiasmarani";"Ascaris lumbricoides";1033;1191;542;670;"00000640.xml"
"matiasmarani";"Amebae";1549;1825;1023;1278;"00000979.xml"
"matiasmarani";"Ascaris lumbricoides";1866;2126;1846;2090;"00000984.xml"
"matiasmarani";"Trichuris trichiura";1180;1397;1004;1520;"00001871.xml"
"matiasmarani";"Trichuris trichiura";1196;1729;951;1505;"00002156.xml"
"matiasmarani";"Hymenolepsis Nana";1047;1452;1348;1701;"00002690.xml"
"matiasmarani";"Hymenolepsis Nana";1517;1886;907;1248;"00002699.xml"
"matiasmarani";"Hymenolepsis Nana";1312;1773;1292;1745;"00002990.xml"
"matiasmarani";"Ascaris lumbricoides";1357;1627;1177;1477;"00003051.xml"
"matiasmarani";"Hymenolepsis Nana";1714;2064;1157;1542;"00003170.xml"
"matiasmarani";"Ascaris lumbricoides";1432;1931;1491;1868;"00003194.xml"
"matiasmarani";"Hymenolepsis Nana";1605;1964;1110;1484;"00003361.xml"
"matiasmarani";"Hymenolepsis Nana";1647;1999;1525;1855;"00003381.xml"
"matiasmarani";"Hymenolepsis Nana";1607;1970;1043;1496;"00003519.xml"
"matiasmarani";"Hymenolepsis Nana";1649;1950;1055;1476;"00003929.xml"
"matiasmarani";"Giardia Duodenalis";1383;1553;1351;1507;"15.xml"
"matiasmarani";"Giardia Duodenalis";1533;1683;844;961;"39.xml"
"matiasmarani";"Giardia Duodenalis";2872;3010;736;852;"39.xml"
"matiasmarani";"Giardia Duodenalis";1766;1899;1810;2007;"PTC0069.xml"
"matiasmarani";"Giardia Duodenalis";1348;1539;1056;1297;"PTC0100.xml"
"matiasmarani";"Giardia Duodenalis";1326;1473;912;1049;"PTC0100.xml"
"matiasmarani";"Giardia Duodenalis";1636;1816;1289;1398;"PTDC0008.xml"
"matiasmarani";"Giardia Duodenalis";1283;1412;1364;1541;"PTDC0072.xml"
"miriampelaez";"Ascaris lumbricoides";1196;1485;887;1168;"00000047.xml"
"miriampelaez";"Amebae";1517;1834;967;1260;"00000051.xml"
"miriampelaez";"Amebae";2922;3094;650;802;"00000067.xml"
"miriampelaez";"Giardia Duodenalis";915;1075;1465;1621;"00000074.xml"
"miriampelaez";"Amebae";1348;1994;1405;2027;"00000086.xml"
"miriampelaez";"Ascaris lumbricoides";1870;2159;1609;1886;"00000196.xml"
"miriampelaez";"Amebae";1601;1878;1116;1380;"00000204.xml"
"miriampelaez";"Amebae";750;866;1152;1276;"00000230.xml"
"miriampelaez";"Giardia Duodenalis";867;1099;1300;1428;"00000235.xml"
"miriampelaez";"Giardia Duodenalis";1232;1464;1348;1552;"00000289.xml"
"miriampelaez";"Ascaris lumbricoides";883;1248;1770;2051;"00000321.xml"
"miriampelaez";"Ascaris lumbricoides";1581;1926;1188;1577;"00000537.xml"
"miriampelaez";"Ascaris lumbricoides";1718;2143;1252;1773;"00000608.xml"
"miriampelaez";"Hymenolepsis Nana";1024;1198;537;673;"00000640.xml"
"miriampelaez";"Amebae";1557;1846;1007;1279;"00000979.xml"
"miriampelaez";"Amebae";1850;2155;1834;2119;"00000984.xml"
"miriampelaez";"Trichuris trichiura";1148;1416;987;1561;"00001871.xml"
"miriampelaez";"Trichuris trichiura";1248;1741;1067;1492;"00002156.xml"
"miriampelaez";"Hymenolepsis Nana";1047;1460;1332;1713;"00002690.xml"
"miriampelaez";"Amebae";1140;1352;268;472;"00002699.xml"
"miriampelaez";"Hymenolepsis Nana";1312;1793;1284;1769;"00002990.xml"
"miriampelaez";"Hymenolepsis Nana";1152;1746;1039;1910;"00003051.xml"
"miriampelaez";"Hymenolepsis Nana";1690;2087;1160;1537;"00003170.xml"
"miriampelaez";"Hymenolepsis Nana";1433;1926;1477;1866;"00003194.xml"
"miriampelaez";"Hymenolepsis Nana";1593;1998;1108;1493;"00003361.xml"
"miriampelaez";"Hymenolepsis Nana";1597;2006;1493;1850;"00003381.xml"
"miriampelaez";"Hymenolepsis Nana";1589;1990;1059;1500;"00003519.xml"
"miriampelaez";"Trichuris trichiura";2569;2801;1425;1766;"00003929.xml"
"miriampelaez";"Giardia Duodenalis";1344;1568;1348;1500;"15.xml"
"miriampelaez";"Giardia Duodenalis";1517;1697;831;971;"39.xml"
"miriampelaez";"Ascaris lumbricoides";306;842;1207;1688;"PTC0069.xml"
"miriampelaez";"Giardia Duodenalis";1296;1480;923;1071;"PTC0100.xml"
"miriampelaez";"Ascaris lumbricoides";545;1159;441;934;"PTDC0008.xml"
"miriampelaez";"Giardia Duodenalis";1260;1468;1348;1548;"PTDC0072.xml"
"nataliaguzman";"Ascaris lumbricoides";1188;1497;887;1168;"00000047.xml"
"nataliaguzman";"Ascaris lumbricoides";1513;1878;975;1276;"00000051.xml"
"nataliaguzman";"Giardia Duodenalis";1120;1284;1830;2018;"00000067.xml"
"nataliaguzman";"Giardia Duodenalis";1172;1360;1834;1998;"00000074.xml"
"nataliaguzman";"Ascaris lumbricoides";1252;1585;1914;2182;"00000086.xml"
"nataliaguzman";"Ascaris lumbricoides";1866;2151;1605;1894;"00000196.xml"
"nataliaguzman";"Ascaris lumbricoides";1589;1886;1095;1392;"00000204.xml"
"nataliaguzman";"Giardia Duodenalis";967;1135;1939;2143;"00000230.xml"
"nataliaguzman";"Amebae";1629;1845;1284;1428;"00000235.xml"
"nataliaguzman";"Giardia Duodenalis";1268;1436;1364;1540;"00000289.xml"
"nataliaguzman";"Ascaris lumbricoides";895;1284;1754;2063;"00000321.xml"
"nataliaguzman";"Ascaris lumbricoides";1593;1954;1180;1553;"00000537.xml"
"nataliaguzman";"Hymenolepsis Nana";1722;2159;1244;1741;"00000608.xml"
"nataliaguzman";"Hymenolepsis Nana";1020;1192;537;673;"00000640.xml"
"nataliaguzman";"Ascaris lumbricoides";1541;1862;1023;1295;"00000979.xml"
"nataliaguzman";"Ascaris lumbricoides";1858;2151;1834;2094;"00000984.xml"
"nataliaguzman";"Trichuris trichiura";1156;1453;975;1577;"00001871.xml"
"nataliaguzman";"Trichuris trichiura";1244;1745;1079;1484;"00002156.xml"
"nataliaguzman";"Hymenolepsis Nana";1031;1464;1324;1709;"00002690.xml"
"nataliaguzman";"Hymenolepsis Nana";1529;1874;967;1239;"00002699.xml"
"nataliaguzman";"Hymenolepsis Nana";1304;1793;1272;1761;"00002990.xml"
"nataliaguzman";"Hymenolepsis Nana";1304;1661;1095;1508;"00003051.xml"
"nataliaguzman";"Hymenolepsis Nana";1670;2099;1144;1561;"00003170.xml"
"nataliaguzman";"Trichuris trichiura";405;866;445;641;"00003194.xml"
"nataliaguzman";"Hymenolepsis Nana";1585;2018;1100;1525;"00003361.xml"
"nataliaguzman";"Hymenolepsis Nana";1625;2006;1485;1878;"00003381.xml"
"nataliaguzman";"Hymenolepsis Nana";1609;2006;1043;1492;"00003519.xml"
"nataliaguzman";"Amebae";1577;2010;1047;1516;"00003929.xml"
"nataliaguzman";"Giardia Duodenalis";1348;1548;1348;1496;"15.xml"
"nataliaguzman";"Giardia Duodenalis";1513;1701;822;982;"39.xml"
"nataliaguzman";"Ascaris lumbricoides";293;830;1236;1641;"PTC0069.xml"
"nataliaguzman";"Amebae";2834;2958;1557;1681;"PTC0100.xml"
"nataliaguzman";"Giardia Duodenalis";1621;1829;1268;1412;"PTDC0008.xml"
"nataliaguzman";"Giardia Duodenalis";1272;1428;1352;1536;"PTDC0072.xml"
"raquelfrias";"Amebae";2031;2194;1094;1257;"00000047.xml"
"raquelfrias";"Amebae";1944;2085;936;1055;"00000051.xml"
"raquelfrias";"Giardia Duodenalis";2922;3085;650;813;"00000067.xml"
"raquelfrias";"Giardia Duodenalis";1115;1303;1833;2011;"00000067.xml"
"raquelfrias";"Giardia Duodenalis";1176;1350;1802;2003;"00000074.xml"
"raquelfrias";"Giardia Duodenalis";898;1104;1448;1638;"00000074.xml"
"raquelfrias";"Giardia Duodenalis";2510;2765;70;238;"00000086.xml"
"raquelfrias";"Amebae";1851;2185;1599;1901;"00000196.xml"
"raquelfrias";"Giardia Duodenalis";2382;2545;267;430;"00000204.xml"
"raquelfrias";"Trichuris trichiura";936;1175;1916;2188;"00000230.xml"
"raquelfrias";"Giardia Duodenalis";1595;1861;1257;1436;"00000235.xml"
"raquelfrias";"Giardia Duodenalis";1263;1448;1328;1567;"00000289.xml"
"raquelfrias";"Giardia Duodenalis";899;1260;1762;2069;"00000321.xml"
"raquelfrias";"Amebae";1539;1701;1830;1951;"00000537.xml"
"raquelfrias";"Amebae";1350;1480;1029;1159;"00000537.xml"
"raquelfrias";"Ascaris lumbricoides";1709;2155;1252;1796;"00000608.xml"
"raquelfrias";"Ascaris lumbricoides";1541;1900;1110;1453;"00000608.xml"
"raquelfrias";"Ascaris lumbricoides";997;1204;530;680;"00000640.xml"
"raquelfrias";"Amebae";462;625;1791;1938;"00000979.xml"
"raquelfrias";"Amebae";1835;2167;1835;2118;"00000984.xml"
"raquelfrias";"Trichuris trichiura";1110;1375;981;1591;"00001871.xml"
"raquelfrias";"Trichuris trichiura";1316;1945;961;1320;"00002156.xml"
"raquelfrias";"Trichuris trichiura";1595;1616;778;832;"00002156.xml"
"raquelfrias";"Ascaris lumbricoides";1023;1491;1268;1741;"00002690.xml"
"raquelfrias";"Amebae";1143;1360;250;505;"00002699.xml"
"raquelfrias";"Amebae";1557;1867;936;1230;"00002699.xml"
"raquelfrias";"Hymenolepsis Nana";1389;1794;1267;1683;"00002990.xml"
"raquelfrias";"Hymenolepsis Nana";1263;1589;1223;1611;"00003051.xml"
"raquelfrias";"Trichuris trichiura";1684;2093;1143;1561;"00003170.xml"
"raquelfrias";"Ascaris lumbricoides";1438;1908;1481;1869;"00003194.xml"
"raquelfrias";"Amebae";1064;1227;954;1117;"00003361.xml"
"raquelfrias";"Giardia Duodenalis";2406;2569;544;658;"00003381.xml"
"raquelfrias";"Giardia Duodenalis";2455;2618;419;582;"00003381.xml"
"raquelfrias";"Hymenolepsis Nana";1562;2019;1050;1534;"00003519.xml"
"raquelfrias";"Hymenolepsis Nana";1551;2013;1029;1529;"00003929.xml"
"raquelfrias";"Giardia Duodenalis";1372;1557;1328;1524;"15.xml"
"raquelfrias";"Giardia Duodenalis";2858;3021;718;881;"39.xml"
"raquelfrias";"Giardia Duodenalis";1748;1933;1802;2019;"PTC0069.xml"
"raquelfrias";"Giardia Duodenalis";2815;2978;1551;1692;"PTC0100.xml"
"raquelfrias";"Trichuris trichiura";1590;1865;1271;1420;"PTDC0008.xml"
"raquelfrias";"Giardia Duodenalis";1268;1431;1361;1540;"PTDC0072.xml"
"rodrigofernandez";"Ascaris lumbricoides";1204;1464;899;1163;"00000047.xml"
"rodrigofernandez";"Ascaris lumbricoides";1521;1842;967;1231;"00000051.xml"
"rodrigofernandez";"Amebae";2930;3090;654;806;"00000067.xml"
"rodrigofernandez";"Giardia Duodenalis";1188;1336;1850;1986;"00000074.xml"
"rodrigofernandez";"Hymenolepsis Nana";1312;1556;1927;2167;"00000086.xml"
"rodrigofernandez";"Amebae";1906;2134;1629;1861;"00000196.xml"
"rodrigofernandez";"Amebae";1629;1849;1112;1372;"00000204.xml"
"rodrigofernandez";"Giardia Duodenalis";987;1107;1967;2103;"00000230.xml"
"rodrigofernandez";"Trichuris trichiura";574;1136;489;886;"00000235.xml"
"rodrigofernandez";"Giardia Duodenalis";1284;1416;1377;1525;"00000289.xml"
"rodrigofernandez";"Ascaris lumbricoides";915;1236;1770;2022;"00000321.xml"
"rodrigofernandez";"Ascaris lumbricoides";1601;1926;1188;1517;"00000537.xml"
"rodrigofernandez";"Ascaris lumbricoides";1754;2119;1252;1741;"00000608.xml"
"rodrigofernandez";"Hymenolepsis Nana";1039;1183;554;663;"00000640.xml"
"rodrigofernandez";"Amebae";1589;1829;1035;1271;"00000979.xml"
"rodrigofernandez";"Ascaris lumbricoides";1879;2123;1849;2093;"00000984.xml"
"rodrigofernandez";"Trichuris trichiura";1200;1392;1075;1440;"00001871.xml"
"rodrigofernandez";"Trichuris trichiura";1240;1721;1035;1472;"00002156.xml"
"rodrigofernandez";"Hymenolepsis Nana";1059;1420;1360;1693;"00002690.xml"
"rodrigofernandez";"Hymenolepsis Nana";1541;1830;983;1215;"00002699.xml"
"rodrigofernandez";"Hymenolepsis Nana";1332;1753;1304;1745;"00002990.xml"
"rodrigofernandez";"Hymenolepsis Nana";1300;1633;1136;1477;"00003051.xml"
"rodrigofernandez";"Hymenolepsis Nana";1738;2039;1156;1525;"00003170.xml"
"rodrigofernandez";"Hymenolepsis Nana";1449;1878;1493;1830;"00003194.xml"
"rodrigofernandez";"Hymenolepsis Nana";1613;1950;1108;1469;"00003361.xml"
"rodrigofernandez";"Hymenolepsis Nana";1645;1990;1513;1846;"00003381.xml"
"rodrigofernandez";"Hymenolepsis Nana";1621;1962;1047;1476;"00003519.xml"
"rodrigofernandez";"Hymenolepsis Nana";1597;1958;1067;1472;"00003929.xml"
"rodrigofernandez";"Giardia Duodenalis";1372;1536;1377;1493;"15.xml"
"rodrigofernandez";"Giardia Duodenalis";1525;1685;847;955;"39.xml"
"rodrigofernandez";"Giardia Duodenalis";1766;1902;1826;1994;"PTC0069.xml"
"rodrigofernandez";"Giardia Duodenalis";1320;1492;919;1043;"PTC0100.xml"
"rodrigofernandez";"Trichuris trichiura";566;1132;493;846;"PTDC0008.xml"
"rodrigofernandez";"Giardia Duodenalis";1284;1412;1377;1537;"PTDC0072.xml"
"rosacorral";"Ascaris lumbricoides";1220;1472;899;1147;"00000047.xml"
"rosacorral";"Amebae";1525;1834;983;1272;"00000051.xml"
"rosacorral";"Amebae";2946;3078;642;782;"00000067.xml"
"rosacorral";"Amebae";1144;1264;1846;1986;"00000067.xml"
"rosacorral";"Amebae";1204;1348;1854;1982;"00000074.xml"
"rosacorral";"Amebae";919;1059;1485;1625;"00000074.xml"
"rosacorral";"Ascaris lumbricoides";1304;1552;1918;2170;"00000086.xml"
"rosacorral";"Amebae";1886;2150;1629;1893;"00000196.xml"
"rosacorral";"Ascaris lumbricoides";1617;1861;1112;1360;"00000204.xml"
"rosacorral";"Giardia Duodenalis";991;1123;1967;2119;"00000230.xml"
"rosacorral";"Giardia Duodenalis";1654;1810;1288;1400;"00000235.xml"
"rosacorral";"Giardia Duodenalis";1292;1412;1364;1516;"00000289.xml"
"rosacorral";"Ascaris lumbricoides";899;1240;1770;2047;"00000321.xml"
"rosacorral";"Ascaris lumbricoides";1573;1922;1184;1573;"00000537.xml"
"rosacorral";"Ascaris lumbricoides";1810;2070;1320;1713;"00000608.xml"
"rosacorral";"Hymenolepsis Nana";1031;1178;546;672;"00000640.xml"
"rosacorral";"Amebae";1581;1825;1039;1271;"00000979.xml"
"rosacorral";"Amebae";1878;2118;1850;2098;"00000984.xml"
"rosacorral";"Amebae";851;1099;1324;1572;"00000984.xml"
"rosacorral";"Trichuris trichiura";1168;1416;987;1557;"00001871.xml"
"rosacorral";"Trichuris trichiura";1272;1733;1067;1472;"00002156.xml"
"rosacorral";"Hymenolepsis Nana";1067;1444;1316;1721;"00002690.xml"
"rosacorral";"Hymenolepsis Nana";1553;1922;927;1264;"00002699.xml"
"rosacorral";"Hymenolepsis Nana";1328;1765;1292;1753;"00002990.xml"
"rosacorral";"Hymenolepsis Nana";1280;1641;1108;1501;"00003051.xml"
"rosacorral";"Hymenolepsis Nana";1718;2063;1136;1545;"00003170.xml"
"rosacorral";"Ascaris lumbricoides";1557;1765;1485;1713;"00003194.xml"
"rosacorral";"Hymenolepsis Nana";1593;1974;1104;1493;"00003361.xml"
"rosacorral";"Amebae";1758;1942;1557;1765;"00003381.xml"
"rosacorral";"Hymenolepsis Nana";1633;1978;1043;1484;"00003519.xml"
"rosacorral";"Hymenolepsis Nana";1609;1966;1059;1492;"00003929.xml"
"rosacorral";"Giardia Duodenalis";1368;1528;1372;1492;"15.xml"
"rosacorral";"Giardia Duodenalis";1525;1693;839;959;"39.xml"
"rosacorral";"Giardia Duodenalis";1790;1902;1822;1974;"PTC0069.xml"
"rosacorral";"Amebae";2854;2934;1569;1669;"PTC0100.xml"
"rosacorral";"Giardia Duodenalis";1645;1813;1292;1408;"PTDC0008.xml"
"rosacorral";"Giardia Duodenalis";1296;1412;1360;1540;"PTDC0072.xml"
"saracobo";"Amebae";1180;1493;879;1180;"00000047.xml"
"saracobo";"Amebae";1525;1838;979;1284;"00000051.xml"
"saracobo";"Amebae";2926;3082;658;802;"00000067.xml"
"saracobo";"Amebae";1180;1344;1818;2006;"00000074.xml"
"saracobo";"Hymenolepsis Nana";1372;1986;1409;2007;"00000086.xml"
"saracobo";"Ascaris lumbricoides";1886;2158;1613;1885;"00000196.xml"
"saracobo";"Giardia Duodenalis";2384;2556;248;412;"00000204.xml"
"saracobo";"Trichuris trichiura";955;1147;1955;2135;"00000230.xml"
"saracobo";"Amebae";915;1019;1292;1412;"00000235.xml"
"saracobo";"Giardia Duodenalis";1284;1424;1364;1544;"00000289.xml"
"saracobo";"Ascaris lumbricoides";895;1264;1762;2047;"00000321.xml"
"saracobo";"Amebae";1613;1922;1152;1569;"00000537.xml"
"saracobo";"Ascaris lumbricoides";1738;2151;1268;1781;"00000608.xml"
"saracobo";"Giardia Duodenalis";1031;1182;543;671;"00000640.xml"
"saracobo";"Ascaris lumbricoides";1577;1841;1023;1287;"00000979.xml"
"saracobo";"Ascaris lumbricoides";1866;2130;1838;2094;"00000984.xml"
"saracobo";"Hymenolepsis Nana";1172;1420;935;1561;"00001871.xml"
"saracobo";"Trichuris trichiura";1248;1721;1059;1476;"00002156.xml"
"saracobo";"Amebae";1059;1456;1316;1701;"00002690.xml"
"saracobo";"Ascaris lumbricoides";1597;1853;979;1207;"00002699.xml"
"saracobo";"Hymenolepsis Nana";1312;1777;1252;1761;"00002990.xml"
"saracobo";"Hymenolepsis Nana";1304;1637;1132;1509;"00003051.xml"
"saracobo";"Ascaris lumbricoides";1702;2071;1148;1537;"00003170.xml"
"saracobo";"Hymenolepsis Nana";1449;1910;1501;1842;"00003194.xml"
"saracobo";"Hymenolepsis Nana";1601;2002;1083;1492;"00003361.xml"
"saracobo";"Ascaris lumbricoides";1637;2006;1505;1850;"00003381.xml"
"saracobo";"Hymenolepsis Nana";1573;1990;1059;1512;"00003519.xml"
"saracobo";"Hymenolepsis Nana";1573;1990;1071;1512;"00003929.xml"
"saracobo";"Giardia Duodenalis";1380;1556;1361;1500;"15.xml"
"saracobo";"Trichuris trichiura";2874;3010;718;858;"39.xml"
"saracobo";"Giardia Duodenalis";1777;1918;1822;1990;"PTC0069.xml"
"saracobo";"Giardia Duodenalis";1333;1480;937;1071;"PTC0100.xml"
"saracobo";"Hymenolepsis Nana";923;1025;1312;1400;"PTDC0008.xml"
"saracobo";"Trichuris trichiura";1927;2087;790;1002;"PTDC0072.xml"
"sofiacobo";"Ascaris lumbricoides";1194;1487;899;1166;"00000047.xml"
"sofiacobo";"Ascaris lumbricoides";1527;1852;964;1262;"00000051.xml"
"sofiacobo";"Amebae";2914;3098;602;818;"00000067.xml"
"sofiacobo";"Amebae";1138;1275;1844;2004;"00000067.xml"
"sofiacobo";"Giardia Duodenalis";1181;1349;1838;1993;"00000074.xml"
"sofiacobo";"Giardia Duodenalis";2565;2711;90;226;"00000086.xml"
"sofiacobo";"Ascaris lumbricoides";1898;2147;1628;1888;"00000196.xml"
"sofiacobo";"Ascaris lumbricoides";1613;1859;1111;1388;"00000204.xml"
"sofiacobo";"Giardia Duodenalis";987;1128;1940;2164;"00000230.xml"
"sofiacobo";"Giardia Duodenalis";1629;1825;1284;1426;"00000235.xml"
"sofiacobo";"Giardia Duodenalis";1276;1433;1363;1543;"00000289.xml"
"sofiacobo";"Ascaris lumbricoides";904;1259;1763;2050;"00000321.xml"
"sofiacobo";"Ascaris lumbricoides";1613;1918;1182;1562;"00000537.xml"
"sofiacobo";"Ascaris lumbricoides";1674;2203;1232;1761;"00000608.xml"
"sofiacobo";"Ascaris lumbricoides";1051;1171;551;637;"00000640.xml"
"sofiacobo";"Ascaris lumbricoides";766;828;379;438;"00000640.xml"
"sofiacobo";"Ascaris lumbricoides";942;983;410;460;"00000640.xml"
"sofiacobo";"Ascaris lumbricoides";1585;1830;1039;1285;"00000979.xml"
"sofiacobo";"Ascaris lumbricoides";1875;2145;1847;2100;"00000984.xml"
"sofiacobo";"Trichuris trichiura";1180;1412;987;1553;"00001871.xml"
"sofiacobo";"Trichuris trichiura";1160;1778;1011;1508;"00002156.xml"
"sofiacobo";"Hymenolepsis Nana";991;1464;1316;1729;"00002690.xml"
"sofiacobo";"Hymenolepsis Nana";1537;1864;944;1243;"00002699.xml"
"sofiacobo";"Hymenolepsis Nana";1328;1778;1273;1752;"00002990.xml"
"sofiacobo";"Hymenolepsis Nana";1314;1639;1145;1483;"00003051.xml"
"sofiacobo";"Hymenolepsis Nana";1702;2055;1188;1465;"00003170.xml"
"sofiacobo";"Ascaris lumbricoides";1461;1850;1493;1806;"00003194.xml"
"sofiacobo";"Hymenolepsis Nana";1617;1978;1100;1502;"00003361.xml"
"sofiacobo";"Ascaris lumbricoides";1658;2027;1493;1858;"00003381.xml"
"sofiacobo";"Hymenolepsis Nana";1529;2050;1035;1548;"00003519.xml"
"sofiacobo";"Hymenolepsis Nana";1577;1994;1019;1508;"00003929.xml"
"sofiacobo";"Giardia Duodenalis";1395;1535;1361;1497;"15.xml"
"sofiacobo";"Giardia Duodenalis";2842;3030;694;862;"39.xml"
"sofiacobo";"Giardia Duodenalis";1536;1692;832;959;"39.xml"
"sofiacobo";"Giardia Duodenalis";1755;1921;1806;2000;"PTC0069.xml"
"sofiacobo";"Amebae";1967;2080;154;292;"PTC0100.xml"
"sofiacobo";"Amebae";64;149;1796;1914;"PTC0100.xml"
"sofiacobo";"Giardia Duodenalis";1625;1821;1290;1416;"PTDC0008.xml"
"sofiacobo";"Giardia Duodenalis";1283;1430;1368;1545;"PTDC0072.xml"
"tinogarcia";"Ascaris lumbricoides";1192;1477;903;1151;"00000047.xml"
"tinogarcia";"Ascaris lumbricoides";1525;1878;987;1255;"00000051.xml"
"tinogarcia";"Giardia Duodenalis";2950;3070;650;782;"00000067.xml"
"tinogarcia";"Giardia Duodenalis";1140;1276;1854;1986;"00000067.xml"
"tinogarcia";"Giardia Duodenalis";1192;1348;1846;1974;"00000074.xml"
"tinogarcia";"Giardia Duodenalis";919;1063;1477;1613;"00000074.xml"
"tinogarcia";"Giardia Duodenalis";1023;1155;1734;1846;"00000074.xml"
"tinogarcia";"Ascaris lumbricoides";1296;1568;1910;2170;"00000086.xml"
"tinogarcia";"Ascaris lumbricoides";1902;2138;1621;1869;"00000196.xml"
"tinogarcia";"Amebae";1609;1861;1124;1372;"00000204.xml"
"tinogarcia";"Amebae";754;866;1176;1268;"00000230.xml"
"tinogarcia";"Amebae";786;878;578;666;"00000230.xml"
"tinogarcia";"Giardia Duodenalis";1641;1825;1296;1396;"00000235.xml"
"tinogarcia";"Giardia Duodenalis";1276;1424;1364;1540;"00000289.xml"
"tinogarcia";"Ascaris lumbricoides";911;1248;1782;2026;"00000321.xml"
"tinogarcia";"Ascaris lumbricoides";1621;1934;1188;1565;"00000537.xml"
"tinogarcia";"Ascaris lumbricoides";1734;2147;1252;1741;"00000608.xml"
"tinogarcia";"Hymenolepsis Nana";1039;1186;537;675;"00000640.xml"
"tinogarcia";"Amebae";1577;1829;1035;1283;"00000979.xml"
"tinogarcia";"Amebae";1878;2142;1858;2102;"00000984.xml"
"tinogarcia";"Trichuris trichiura";1156;1404;995;1532;"00001871.xml"
"tinogarcia";"Trichuris trichiura";1252;1737;1043;1476;"00002156.xml"
"tinogarcia";"Hymenolepsis Nana";1059;1452;1372;1721;"00002690.xml"
"tinogarcia";"Hymenolepsis Nana";1537;1894;963;1235;"00002699.xml"
"tinogarcia";"Hymenolepsis Nana";1320;1773;1300;1729;"00002990.xml"
"tinogarcia";"Hymenolepsis Nana";1280;1649;1140;1489;"00003051.xml"
"tinogarcia";"Hymenolepsis Nana";1738;2071;1180;1529;"00003170.xml"
"tinogarcia";"Hymenolepsis Nana";1441;1886;1529;1830;"00003194.xml"
"tinogarcia";"Hymenolepsis Nana";1597;1974;1124;1469;"00003361.xml"
"tinogarcia";"Hymenolepsis Nana";1710;1970;1501;1798;"00003381.xml"
"tinogarcia";"Hymenolepsis Nana";1589;1986;1059;1492;"00003519.xml"
"tinogarcia";"Hymenolepsis Nana";1617;1974;1059;1496;"00003929.xml"
"tinogarcia";"Giardia Duodenalis";1368;1552;1372;1492;"15.xml"
"tinogarcia";"Giardia Duodenalis";1529;1693;851;963;"39.xml"
"tinogarcia";"Giardia Duodenalis";1762;1938;1830;1998;"PTC0069.xml"
"tinogarcia";"Giardia Duodenalis";2838;2946;1573;1685;"PTC0100.xml"
"tinogarcia";"Giardia Duodenalis";1641;1825;1300;1396;"PTDC0008.xml"
"tinogarcia";"Giardia Duodenalis";1292;1424;1364;1540;"PTDC0072.xml"
"victor";"Giardia Duodenalis";1204;1492;898;1164;"00000047.xml"
"victor";"Amebae";1537;1851;978;1264;"00000051.xml"
"victor";"Amebae";2945;3078;663;797;"00000067.xml"
"victor";"Giardia Duodenalis";938;1052;1488;1609;"00000074.xml"
"victor";"Giardia Duodenalis";2564;2723;89;226;"00000086.xml"
"victor";"Amebae";1879;2147;1622;1869;"00000196.xml"
"victor";"Amebae";1622;1878;1114;1385;"00000204.xml"
"victor";"Trichuris trichiura";971;1130;1964;2123;"00000230.xml"
"victor";"Giardia Duodenalis";1652;1809;1299;1407;"00000235.xml"
"victor";"Giardia Duodenalis";1275;1422;1372;1543;"00000289.xml"
"victor";"Amebae";910;1249;1778;2054;"00000321.xml"
"victor";"Amebae";1592;1936;1189;1566;"00000537.xml"
"victor";"Ascaris lumbricoides";1692;2182;1243;1778;"00000608.xml"
"victor";"Ascaris lumbricoides";1052;1177;542;644;"00000640.xml"
"victor";"Amebae";1579;1821;1036;1271;"00000979.xml"
"victor";"Ascaris lumbricoides";1880;2133;1845;2100;"00000984.xml"
"victor";"Trichuris trichiura";1116;1469;986;1519;"00001871.xml"
"victor";"Trichuris trichiura";1310;1982;920;1247;"00002156.xml"
"victor";"Hymenolepsis Nana";1021;1462;1296;1737;"00002690.xml"
"victor";"Ascaris lumbricoides";1590;1851;942;1241;"00002699.xml"
"victor";"Ascaris lumbricoides";1290;1818;1263;1763;"00002990.xml"
"victor";"Hymenolepsis Nana";1323;1627;1149;1470;"00003051.xml"
"victor";"Hymenolepsis Nana";1662;2112;1140;1581;"00003170.xml"
"victor";"Trichuris trichiura";969;1230;315;478;"00003194.xml"
"victor";"Hymenolepsis Nana";1604;1983;1095;1495;"00003361.xml"
"victor";"Giardia Duodenalis";2466;2594;447;547;"00003381.xml"
"victor";"Giardia Duodenalis";2430;2547;555;659;"00003381.xml"
"victor";"Hymenolepsis Nana";1611;1986;1023;1502;"00003519.xml"
"victor";"Hymenolepsis Nana";1568;1973;1047;1524;"00003929.xml"
"victor";"Giardia Duodenalis";1387;1540;1365;1481;"15.xml"
"victor";"Giardia Duodenalis";2826;3043;718;870;"39.xml"
"victor";"Giardia Duodenalis";1537;1692;834;959;"39.xml"
"victor";"Ascaris lumbricoides";2891;3136;1657;1951;"PTC0069.xml"
"victor";"Ascaris lumbricoides";2695;2883;1574;1838;"PTC0069.xml"
"victor";"Giardia Duodenalis";2837;2954;1579;1671;"PTC0100.xml"
"victor";"Giardia Duodenalis";1620;1823;1286;1412;"PTDC0008.xml"
"victor";"Hymenolepsis Nana";1286;1418;1370;1538;"PTDC0072.xml"
"zoelima";"Ascaris lumbricoides";1184;1477;911;1167;"00000047.xml"
"zoelima";"Amebae";1513;1862;983;1264;"00000051.xml"
"zoelima";"Amebae";2938;3078;674;782;"00000067.xml"
"zoelima";"Amebae";1136;1276;1874;1970;"00000067.xml"
"zoelima";"Amebae";220;336;742;834;"00000067.xml"
"zoelima";"Amebae";1224;1300;1826;1970;"00000074.xml"
"zoelima";"Amebae";1011;1151;1738;1838;"00000074.xml"
"zoelima";"Amebae";947;1023;1481;1605;"00000074.xml"
"zoelima";"Amebae";1305;1565;1925;2182;"00000086.xml"
"zoelima";"Amebae";1854;2151;1645;1881;"00000196.xml"
"zoelima";"Amebae";1617;1865;1140;1356;"00000204.xml"
"zoelima";"Giardia Duodenalis";1015;1083;1959;2119;"00000230.xml"
"zoelima";"Giardia Duodenalis";754;850;1164;1284;"00000230.xml"
"zoelima";"Giardia Duodenalis";999;1195;867;999;"00000230.xml"
"zoelima";"Giardia Duodenalis";1637;1813;1284;1424;"00000235.xml"
"zoelima";"Giardia Duodenalis";1292;1396;1393;1521;"00000289.xml"
"zoelima";"Giardia Duodenalis";1914;2074;790;1010;"00000289.xml"
"zoelima";"Giardia Duodenalis";1898;2070;1870;2026;"00000289.xml"
"zoelima";"Ascaris lumbricoides";907;1284;1766;2051;"00000321.xml"
"zoelima";"Ascaris lumbricoides";1630;1903;1178;1550;"00000537.xml"
"zoelima";"Ascaris lumbricoides";2438;2655;1638;1861;"00000537.xml"
"zoelima";"Ascaris lumbricoides";989;1201;803;993;"00000537.xml"
"zoelima";"Ascaris lumbricoides";1770;2131;1292;1789;"00000608.xml"
"zoelima";"Hymenolepsis Nana";1032;1180;548;671;"00000640.xml"
"zoelima";"Amebae";1589;1845;1051;1287;"00000979.xml"
"zoelima";"Amebae";1862;2118;1866;2110;"00000984.xml"
"zoelima";"Trichuris trichiura";1179;1395;1024;1526;"00001871.xml"
"zoelima";"Trichuris trichiura";1288;1720;1148;1470;"00002156.xml"
"zoelima";"Hymenolepsis Nana";1055;1428;1377;1702;"00002690.xml"
"zoelima";"Hymenolepsis Nana";1517;1846;947;1236;"00002699.xml"
"zoelima";"Hymenolepsis Nana";1344;1769;1316;1717;"00002990.xml"
"zoelima";"Hymenolepsis Nana";1264;1649;1124;1477;"00003051.xml"
"zoelima";"Hymenolepsis Nana";1722;2055;1204;1501;"00003170.xml"
"zoelima";"Hymenolepsis Nana";1493;1894;1489;1858;"00003194.xml"
"zoelima";"Hymenolepsis Nana";1629;1954;1128;1461;"00003361.xml"
"zoelima";"Hymenolepsis Nana";1637;1990;1533;1846;"00003381.xml"
"zoelima";"Hymenolepsis Nana";1589;1990;1061;1507;"00003519.xml"
"zoelima";"Hymenolepsis Nana";1574;2013;1079;1501;"00003929.xml"
"zoelima";"Giardia Duodenalis";1381;1533;1360;1492;"15.xml"
"zoelima";"Giardia Duodenalis";1534;1676;869;953;"39.xml"
"zoelima";"Giardia Duodenalis";2860;3009;727;834;"39.xml"
"zoelima";"Giardia Duodenalis";1764;1920;1818;1995;"PTC0069.xml"
"zoelima";"Giardia Duodenalis";1308;1497;930;1051;"PTC0100.xml"
"zoelima";"Giardia Duodenalis";1629;1826;1293;1401;"PTDC0008.xml"
"zoelima";"Giardia Duodenalis";1277;1392;1396;1522;"PTDC0072.xml"
"zoelima";"Giardia Duodenalis";1955;2059;801;971;"PTDC0072.xml"
"zoelima";"Giardia Duodenalis";1930;2053;1854;2029;"PTDC0072.xml"
